"Date";"Max_TemperatureC";"Mean_TemperatureC";"Min_TemperatureC";"Dew_PointC";"MeanDew_PointC";"Min_DewpointC";"Max_Humidity";"Mean_Humidity";"Min_Humidity";"Max_Sea_Level_PressurehPa";"Mean_Sea_Level_PressurehPa";"Min_Sea_Level_PressurehPa";"Max_VisibilityKm";"Mean_VisibilityKm";"Min_VisibilitykM";"Max_Wind_SpeedKm_h";"Mean_Wind_SpeedKm_h";"Max_Gust_SpeedKm_h";"Precipitationmm";"CloudCover";"Events";"WindDirDegrees"
2013-01-01;8;6;4;8;6;3;100;92;70;1007;1001;997;31;11;6;40;23;63;6.1;6;"Rain";234
2013-01-02;7;6;4;6;4;3;100;89;76;1023;1015;1007;31;15;10;26;19;40;0;6;"Rain";251
2013-01-03;9;8;6;10;7;4;100;94;82;1028;1022;1018;26;9;3;29;23;50;2.03;6;"Rain";265
2013-01-04;9;8;6;9;7;4;100;95;83;1029;1027;1025;26;9;2;35;23;60;0.76;7;"Rain";279
2013-01-05;7;7;6;8;7;5;100;99;93;1030;1028;1026;7;4;1;24;18;NA;0.51;7;"Rain";293
2013-01-06;8;7;6;8;7;6;100;98;90;1029;1025;1023;14;7;2;26;14;NA;1.02;7;"Rain";285
2013-01-07;7;6;5;7;6;4;100;98;85;1028;1026;1023;26;8;3;16;11;NA;0;6;"Rain";248
2013-01-08;8;7;6;8;7;6;100;98;92;1024;1021;1021;6;4;3;14;10;NA;0.76;7;"Rain";256
2013-01-09;7;6;5;8;7;4;100;98;88;1022;1015;1011;26;8;3;21;13;NA;6.1;6;"Rain";250
2013-01-10;6;3;0;5;1;-4;100;87;60;1012;1009;1007;31;12;3;21;16;NA;0.51;6;"Rain-Snow";322
2013-01-11;0;-1;-2;-2;-3;-3;93;83;69;1019;1015;1012;31;14;7;18;13;NA;0;6;"Snow";319
2013-01-12;1;-2;-6;-2;-4;-5;100;87;64;1022;1020;1018;31;13;10;11;6;NA;0;5;"Snow";339
2013-01-13;-1;-2;-4;-2;-3;-6;100;87;66;1022;1021;1020;31;13;8;16;8;NA;0;5;"Snow";58
2013-01-14;-3;-4;-5;-4;-6;-7;93;88;77;1020;1015;1010;19;8;2;19;11;NA;0;6;"Snow";111
2013-01-15;-4;-7;-10;-5;-7;-9;100;91;71;1011;1010;1009;11;7;3;11;6;NA;0;5;"Fog-Snow";115
2013-01-16;-4;-6;-7;-5;-6;-7;100;94;83;1015;1012;1011;7;5;3;14;10;NA;0;7;"Rain-Snow";52
2013-01-17;-1;-4;-7;-1;-3;-5;100;86;69;1021;1018;1015;18;10;5;13;10;NA;0;6;"Snow";21
2013-01-18;0;-2;-3;-1;-3;-7;100;85;63;1020;1014;1009;31;12;6;29;11;NA;0;6;"Snow";69
2013-01-19;-4;-5;-7;-7;-8;-10;86;77;62;1010;1006;1004;31;14;10;29;21;40;0;4;"";85
2013-01-20;-1;-4;-8;-3;-6;-11;93;81;64;1006;1004;1002;31;15;10;26;13;NA;0;5;"";80
2013-01-21;-2;-3;-4;-4;-7;-14;80;69;36;1007;1004;1003;31;16;10;32;26;47;0;6;"Snow";80
2013-01-22;-4;-6;-6;-6;-7;-9;93;84;61;1012;1009;1006;31;10;3;23;16;NA;0;6;"Snow";96
2013-01-23;0;-6;-11;-3;-6;-12;100;86;69;1013;1012;1011;31;15;10;14;8;NA;0;6;"Fog-Snow";16
2013-01-24;-1;-2;-4;-2;-3;-5;100;86;76;1021;1016;1012;31;13;10;14;11;NA;0;6;"Snow";13
2013-01-25;-1;-3;-6;-2;-7;-9;100;74;49;1024;1021;1017;31;15;9;24;10;NA;0;5;"";150
2013-01-26;0;-4;-9;0;-7;-10;100;86;67;1017;1011;1007;10;7;2;27;21;NA;0;6;"Snow";161
2013-01-27;4;0;-4;4;1;-1;100;95;86;1008;1002;997;14;7;2;29;19;NA;5.08;6;"Rain-Snow";197
2013-01-28;4;3;2;3;2;1;100;92;79;1011;1007;1002;19;10;6;26;21;42;0.76;5;"";216
2013-01-29;10;6;2;10;5;1;100;91;72;1007;1002;999;31;12;3;35;24;53;1.02;6;"Rain";216
2013-01-30;11;8;4;11;8;3;100;93;66;1001;998;995;31;10;4;34;23;61;9.91;6;"Rain";244
2013-01-31;7;7;6;5;3;2;93;76;59;1006;1002;998;31;13;9;50;35;77;1.02;6;"Rain";254
2013-02-01;7;4;3;5;4;2;100;88;73;1003;998;992;31;12;6;40;23;76;4.06;7;"Rain";254
2013-02-02;3;2;1;3;0;-4;100;85;47;1009;1000;992;31;9;2;34;13;39;0;5;"Fog-Rain";313
2013-02-03;4;2;0;4;1;-1;100;92;67;1012;1008;1001;31;11;3;34;14;42;3.05;6;"Rain-Snow";258
2013-02-04;7;4;1;6;3;1;100;86;61;1004;1001;998;31;12;4;40;21;69;3.05;6;"Rain";255
2013-02-05;2;1;0;2;1;-1;100;90;63;1000;994;992;26;11;1;29;21;52;8.89;6;"Rain-Snow";242
2013-02-06;3;1;-1;3;1;-2;100;94;81;1001;997;995;26;8;2;21;14;29;0.25;6;"Rain-Snow";252
2013-02-07;1;0;-1;0;-1;-2;100;91;77;1010;1006;1001;31;11;5;14;11;NA;0;6;"Snow";311
2013-02-08;0;-1;-2;0;-2;-3;100;90;75;1016;1012;1010;31;12;2;19;11;NA;0.51;6;"Snow";322
2013-02-09;-1;-2;-3;0;-3;-6;100;83;64;1019;1017;1016;26;11;8;13;10;NA;0;6;"Snow";323
2013-02-10;1;-3;-6;-2;-4;-7;100;87;64;1018;1015;1012;13;8;0;23;8;NA;0;4;"Fog-Snow";112
2013-02-11;1;-3;-6;-3;-6;-7;93;77;52;1014;1012;1011;26;12;10;27;18;NA;0;4;"";86
2013-02-12;1;-1;-2;-1;-2;-4;93;87;72;1020;1016;1014;31;11;3;16;13;NA;0.51;6;"Snow";30
2013-02-13;0;-2;-3;-3;-3;-5;93;85;70;1028;1024;1019;31;11;5;11;8;NA;0;6;"Snow";41
2013-02-14;1;-2;-4;-3;-4;-6;100;81;50;1028;1022;1016;31;14;6;35;16;NA;0;4;"";140
2013-02-15;2;-1;-3;1;-2;-4;100;86;69;1021;1018;1015;14;7;3;23;16;NA;0;6;"Snow";148
2013-02-16;2;1;1;2;1;0;100;97;85;1026;1023;1020;5;3;1;11;6;NA;0;7;"Fog";81
2013-02-17;4;2;1;1;0;-1;100;86;63;1027;1026;1024;10;6;3;11;8;NA;0;7;"";132
2013-02-18;3;2;0;1;0;-1;100;87;67;1025;1021;1016;10;7;3;14;6;NA;1.02;7;"Snow";256
2013-02-19;2;0;-2;2;-1;-4;100;88;66;1022;1016;1012;31;8;2;21;14;NA;0.25;6;"Rain-Snow";352
2013-02-20;2;-1;-3;-3;-4;-6;93;73;51;1028;1026;1022;31;14;10;23;11;34;0;5;"Snow";23
2013-02-21;1;-1;-2;-4;-6;-7;80;68;45;1028;1026;1024;31;14;10;23;14;NA;0;6;"Snow";31
2013-02-22;0;-2;-4;-3;-6;-9;93;70;43;1025;1022;1021;31;13;6;26;14;37;0;5;"Snow";57
2013-02-23;1;-2;-5;-1;-4;-7;93;76;52;1022;1019;1017;26;11;6;35;16;61;0;6;"Snow";41
2013-02-24;2;1;-1;1;0;-2;100;95;86;1021;1017;1016;8;6;3;27;19;NA;0.51;7;"Rain-Snow";37
2013-02-25;3;2;1;2;1;1;100;93;84;1030;1024;1021;11;5;3;24;14;35;0;7;"Rain";52
2013-02-26;2;1;1;1;1;-1;100;91;81;1035;1033;1030;13;8;6;19;14;NA;0;7;"Rain";55
2013-02-27;7;3;-1;0;-1;-2;93;77;48;1035;1033;1031;26;13;9;14;8;NA;0;7;"Fog";33
2013-02-28;4;0;-4;4;0;-3;100;99;91;1032;1027;1023;10;3;0;23;8;NA;0;7;"Fog-Rain";271
2013-03-01;7;2;-2;3;1;-2;100;87;61;1026;1023;1021;23;11;1;23;14;NA;0;4;"Fog-Rain";297
2013-03-02;3;0;-3;2;-1;-2;100;94;69;1026;1023;1018;26;6;0;24;10;37;0;6;"Fog-Rain";261
2013-03-03;6;2;-2;4;1;-2;100;81;53;1024;1020;1018;31;14;3;29;18;40;0;4;"Rain";294
2013-03-04;8;2;-4;3;-1;-4;100;84;49;1024;1021;1017;31;7;0;19;6;NA;0;5;"Fog";143
2013-03-05;14;7;-1;1;-1;-3;87;60;23;1017;1012;1008;31;24;16;19;13;NA;0;NA;"";143
2013-03-06;13;6;-2;3;0;-3;100;71;26;1008;1006;1005;31;20;6;14;6;NA;0;NA;"";77
2013-03-07;8;4;1;2;-1;-4;93;72;48;1008;1006;1005;19;11;6;35;19;50;0;7;"";70
2013-03-08;4;2;0;0;-2;-5;100;73;47;1009;1008;1007;26;11;8;32;24;47;1.02;7;"Rain-Snow";91
2013-03-09;2;0;-1;0;-3;-6;100;78;47;1008;1006;1003;31;9;1;32;24;45;3.05;7;"Snow";83
2013-03-10;-2;-2;-3;-2;-4;-6;100;87;65;1009;1005;1003;26;8;1;35;26;50;0;6;"Snow";60
2013-03-11;-3;-4;-5;-4;-5;-6;100;89;67;1012;1010;1008;19;6;1;26;18;45;1.02;6;"Snow";31
2013-03-12;-1;-6;-11;-6;-9;-13;93;72;28;1012;1008;1006;31;14;4;16;8;NA;0;3;"Snow";29
2013-03-13;-1;-7;-13;-2;-7;-13;100;81;52;1007;1005;1004;31;13;1;21;6;NA;0;6;"Snow";207
2013-03-14;0;-4;-8;-2;-5;-9;100;82;45;1014;1010;1007;19;9;3;19;6;NA;0;5;"Fog-Snow";328
2013-03-15;2;-6;-12;-4;-9;-13;100;70;33;1016;1015;1013;31;13;0;19;6;NA;0;2;"Fog-Snow";201
2013-03-16;4;0;-4;-3;-6;-9;74;61;43;1016;1013;1010;31;18;6;34;23;50;0;7;"Snow";144
2013-03-17;2;1;-1;-5;-7;-8;65;53;35;1010;1006;1001;31;19;10;39;29;60;0;7;"";123
2013-03-18;-1;-1;-2;-1;-3;-6;100;87;46;1002;999;998;19;7;1;35;26;53;0;7;"Snow";95
2013-03-19;0;-1;-2;-1;-2;-4;100;88;73;1005;1000;997;19;9;3;19;13;NA;0.51;7;"Snow";23
2013-03-20;1;-1;-3;-2;-3;-4;93;83;66;1013;1007;1004;31;14;10;14;11;34;0;6;"Rain-Snow";36
2013-03-21;0;-2;-3;-2;-3;-5;93;84;65;1023;1018;1013;26;11;6;14;10;NA;0;6;"Snow";22
2013-03-22;0;-2;-4;-3;-5;-9;93;78;55;1027;1024;1022;26;12;5;29;16;NA;0;5;"Snow";63
2013-03-23;-2;-4;-7;-9;-12;-15;80;55;25;1029;1027;1026;31;19;10;40;26;61;0;4;"Snow";86
2013-03-24;1;-3;-7;-5;-9;-13;86;63;38;1029;1026;1024;10;10;10;35;21;48;0;2;"";79
2013-03-25;1;-2;-5;-5;-7;-10;86;65;38;1026;1024;1021;31;15;10;39;24;60;0;1;"";74
2013-03-26;2;-1;-5;-4;-6;-8;86;69;38;1022;1020;1018;10;10;10;35;18;48;0;4;"Snow";67
2013-03-27;3;-2;-7;-4;-6;-9;100;68;32;1019;1017;1016;31;25;10;32;16;35;0;6;"";68
2013-03-28;1;-1;-2;-3;-5;-7;80;70;51;1017;1014;1011;26;13;8;26;16;NA;0;7;"Snow";76
2013-03-29;1;0;-2;-1;-2;-4;94;87;71;1011;1008;1007;14;8;3;14;11;NA;0;7;"Rain-Snow";20
2013-03-30;2;1;-1;-1;-2;-4;93;80;53;1012;1009;1007;26;10;5;14;8;NA;0;7;"Snow";4
2013-03-31;4;1;-4;-2;-4;-8;93;68;31;1014;1013;1012;31;12;6;21;10;NA;0;4;"Snow";32
2013-04-01;5;-1;-7;-3;-7;-10;100;63;20;1014;1013;1012;31;18;10;21;10;NA;0;1;"";9
2013-04-02;6;0;-7;-3;-6;-9;100;64;21;1020;1016;1014;31;17;10;29;8;NA;0;1;"";52
2013-04-03;6;1;-3;-3;-5;-7;86;64;35;1023;1021;1020;31;16;10;32;14;NA;0;3;"";61
2013-04-04;6;2;-2;-2;-3;-5;87;69;43;1021;1017;1015;31;14;10;27;18;NA;0;4;"";54
2013-04-05;3;1;-2;0;-2;-4;93;81;70;1017;1014;1013;31;12;10;21;11;NA;0;6;"Rain-Snow";32
2013-04-06;9;3;-3;-1;-5;-12;87;57;14;1022;1019;1016;31;24;10;18;10;NA;0;6;"";15
2013-04-07;8;2;-3;1;-1;-3;100;77;39;1023;1020;1016;31;12;2;21;8;NA;0;5;"Fog";274
2013-04-08;8;2;-3;1;-2;-3;100;76;37;1017;1012;1009;31;11;0;26;8;NA;0;5;"Fog";48
2013-04-09;9;4;0;2;-1;-3;76;62;31;1010;1006;1004;26;13;8;27;18;40;0;6;"Rain";98
2013-04-10;7;4;3;6;3;0;93;87;62;1006;1005;1004;18;6;3;23;18;NA;3.05;7;"Rain";112
2013-04-11;9;7;3;9;7;4;100;95;84;1006;1001;997;8;4;0;21;10;NA;2.03;6;"Fog-Rain";143
2013-04-12;12;9;7;8;7;5;100;86;54;1002;1000;997;18;8;3;24;11;NA;0.51;6;"Fog-Rain-Thunderstorm";228
2013-04-13;9;7;4;7;6;3;100;90;78;1021;1012;1002;26;9;4;27;14;39;1.02;6;"Fog-Rain";251
2013-04-14;17;10;3;11;7;2;100;76;55;1023;1022;1020;26;13;8;23;13;NA;0;6;"Fog-Rain";155
2013-04-15;22;17;11;11;10;8;100;67;35;1021;1019;1017;31;16;1;26;16;27;2.03;6;"Fog-Rain";182
2013-04-16;20;13;7;12;8;4;100;73;27;1020;1018;1016;31;8;0;29;8;35;0;4;"Fog-Rain";246
2013-04-17;19;13;8;11;9;7;93;68;40;1022;1019;1014;31;14;9;24;13;NA;0;5;"";216
2013-04-18;19;14;11;12;4;-4;82;47;13;1015;1012;1008;31;14;10;40;21;64;0;7;"Rain";224
2013-04-19;13;8;4;6;3;2;87;64;42;1028;1020;1015;31;14;10;29;19;40;0;4;"Rain";265
2013-04-20;12;6;0;2;-1;-4;93;62;21;1032;1030;1028;31;21;10;19;10;29;0;1;"Fog";354
2013-04-21;15;8;1;4;1;-1;93;57;26;1030;1023;1015;31;30;19;24;10;NA;0;NA;"";90
2013-04-22;15;11;7;6;2;-3;82;49;18;1016;1014;1013;31;16;10;21;10;NA;0;5;"Rain";245
2013-04-23;14;9;5;9;4;1;88;65;39;1022;1016;1012;26;13;10;27;14;45;0;6;"Rain";250
2013-04-24;20;12;4;10;6;3;88;63;32;1025;1023;1020;26;15;9;29;13;39;0;5;"";241
2013-04-25;20;14;8;13;9;7;94;73;41;1025;1022;1015;26;9;3;19;11;NA;0.51;6;"Rain";245
2013-04-26;11;8;6;12;8;4;100;90;65;1015;1010;1007;26;8;0;21;10;NA;11.94;7;"Fog-Rain";320
2013-04-27;10;7;4;5;3;0;100;77;41;1014;1010;1007;31;13;8;24;13;40;0;6;"Rain";318
2013-04-28;12;6;-2;4;1;-2;100;67;27;1017;1015;1013;31;12;1;19;8;NA;0;2;"Fog";259
2013-04-29;11;8;5;7;3;-3;93;63;30;1019;1014;1011;31;14;10;35;14;52;1.02;5;"Fog-Rain";232
2013-04-30;13;8;3;5;2;0;93;63;33;1026;1022;1018;31;14;10;29;14;NA;0;5;"Fog";273
2013-05-01;16;7;-1;3;0;-4;100;57;20;1029;1025;1022;31;17;10;23;8;NA;0;2;"Fog";65
2013-05-02;15;10;6;3;-1;-5;71;45;21;1024;1023;1021;31;31;31;26;11;NA;0;8;"";51
2013-05-03;18;12;6;4;0;-6;66;40;20;1023;1019;1016;31;20;10;16;11;NA;0;3;"";86
2013-05-04;20;13;7;9;5;1;82;54;19;1019;1016;1014;31;23;10;27;11;NA;0;1;"";216
2013-05-05;19;12;5;8;6;4;93;64;27;1024;1022;1019;10;10;10;23;8;42;0;2;"";248
2013-05-06;22;16;8;10;8;5;82;61;27;1025;1022;1019;31;22;11;14;8;NA;0;NA;"Rain";55
2013-05-07;22;14;8;12;9;7;94;72;35;1020;1018;1014;31;15;6;26;10;37;11.94;6;"Rain";42
2013-05-08;21;16;11;15;12;10;100;78;43;1014;1011;1009;31;10;3;27;13;35;2.03;5;"Rain";157
2013-05-09;18;15;11;14;12;9;94;82;56;1013;1011;1010;26;12;6;21;8;32;1.02;5;"Fog-Rain";269
2013-05-10;17;13;9;11;7;5;100;67;34;1014;1011;1010;31;13;10;32;11;40;0;5;"Fog-Rain";228
2013-05-11;17;12;8;9;7;5;93;69;37;1015;1013;1010;31;14;10;39;14;61;0.25;4;"Rain";221
2013-05-12;13;10;7;8;7;5;93;75;53;1015;1011;1008;31;12;10;26;14;NA;0;4;"Fog-Rain";240
2013-05-13;13;9;5;10;7;4;100;83;64;1015;1011;1008;31;13;5;29;11;35;2.03;6;"Fog-Rain";206
2013-05-14;14;11;7;8;5;2;100;66;34;1010;1008;1007;31;12;8;26;13;35;0;6;"Rain";207
2013-05-15;24;18;11;14;9;6;100;67;21;1007;1002;999;31;10;5;34;18;50;7.87;6;"Rain-Thunderstorm";143
2013-05-16;21;16;10;15;13;11;100;82;54;1004;1000;996;31;13;10;23;10;NA;0;5;"Fog-Rain-Thunderstorm";33
2013-05-17;24;19;14;17;14;11;94;65;38;1001;999;996;31;15;6;19;10;27;2.03;4;"Rain-Thunderstorm";75
2013-05-18;12;11;10;14;11;9;100;95;85;1010;1006;1001;16;6;1;14;11;NA;20.07;6;"Rain";275
2013-05-19;12;11;9;11;10;9;100;93;84;1011;1009;1007;8;6;3;14;8;NA;0;7;"Rain";287
2013-05-20;16;13;11;13;12;11;100;91;70;1009;1007;1006;14;6;3;13;6;NA;0.51;7;"Rain";285
2013-05-21;13;12;11;13;12;10;100;95;86;1009;1007;1004;7;5;3;19;10;NA;8.89;7;"Rain";244
2013-05-22;9;8;7;10;7;3;100;84;60;1008;1004;1002;26;9;5;45;21;71;7.87;6;"Rain";286
2013-05-23;11;8;4;6;4;1;93;76;43;1008;1007;1006;31;14;10;24;14;NA;0;5;"Rain";250
2013-05-24;11;8;4;7;5;3;100;82;56;1014;1011;1007;31;12;6;16;11;NA;2.03;6;"Rain";299
2013-05-25;11;8;6;11;8;5;100;92;81;1014;1010;1008;26;9;2;24;10;NA;11.94;7;"Rain";291
2013-05-26;15;12;9;12;11;10;100;94;77;1008;1004;1002;26;8;3;23;13;NA;6.1;7;"Rain";329
2013-05-27;16;13;10;12;11;9;100;87;64;1010;1007;1003;26;10;3;14;6;NA;0;6;"Fog-Rain";59
2013-05-28;18;13;8;13;11;8;100;85;53;1010;1006;1001;31;9;0;21;8;NA;0;6;"Fog-Rain";347
2013-05-29;17;13;11;13;11;9;94;85;65;1003;999;997;31;12;7;14;10;NA;2.03;5;"Rain";8
2013-05-30;19;16;11;14;12;10;100;83;60;1008;1006;1004;31;10;2;18;6;35;3.05;5;"Rain";299
2013-05-31;22;17;13;14;12;11;88;69;41;1008;1006;1005;31;15;10;26;13;NA;0;1;"";3
2013-06-01;16;13;11;14;13;9;95;88;76;1015;1011;1008;31;7;3;29;14;NA;0;7;"Rain";300
2013-06-02;15;12;9;9;7;5;88;68;46;1024;1019;1015;31;13;9;37;26;55;0;6;"";312
2013-06-03;18;12;6;9;7;5;93;70;38;1025;1024;1023;31;12;10;29;18;NA;0;3;"";302
2013-06-04;19;13;8;12;8;-1;94;66;21;1024;1022;1021;31;13;10;24;11;NA;0;4;"";3
2013-06-05;21;13;4;9;6;4;93;57;25;1022;1021;1020;10;10;10;14;6;NA;0;4;"";107
2013-06-06;22;16;9;9;7;6;82;50;24;1023;1022;1021;NA;NA;NA;19;10;24;0;NA;"";90
2013-06-07;23;16;8;11;8;6;93;57;23;1024;1022;1020;10;10;10;14;5;NA;0;NA;"Fog";25
2013-06-08;20;13;7;11;9;6;100;70;35;1021;1019;1016;31;13;10;18;8;NA;0;1;"Fog";319
2013-06-09;19;12;6;10;8;6;100;74;39;1016;1013;1010;31;11;10;21;8;NA;0;4;"Fog";322
2013-06-10;21;12;4;13;9;5;100;73;31;1014;1012;1011;31;12;10;23;8;NA;0;4;"Fog";308
2013-06-11;19;14;10;11;9;8;88;69;41;1018;1016;1014;31;12;6;19;13;NA;0;3;"";299
2013-06-12;24;16;8;15;11;7;93;64;31;1019;1017;1014;31;16;10;26;10;NA;0;6;"Rain";166
2013-06-13;23;18;12;17;16;12;100;84;63;1015;1012;1010;23;11;5;32;16;NA;3.05;6;"Rain";232
2013-06-14;18;14;11;12;11;8;100;80;46;1019;1016;1012;31;13;8;26;19;48;0.76;6;"Fog-Rain";257
2013-06-15;21;15;9;15;10;6;100;72;35;1018;1012;1007;31;15;6;39;13;53;4.06;4;"Fog-Rain-Thunderstorm";186
2013-06-16;18;13;9;12;9;7;94;71;41;1017;1013;1011;31;13;10;34;16;52;0;4;"Rain";247
2013-06-17;23;15;7;13;10;7;100;67;29;1020;1017;1015;31;16;10;16;6;NA;0;6;"Fog-Rain";75
2013-06-18;25;19;13;18;14;11;94;71;43;1018;1017;1015;31;30;26;16;11;NA;0;8;"Rain";68
2013-06-19;31;24;17;22;18;15;100;72;40;1025;1015;1011;31;18;5;45;13;69;27.94;5;"Rain-Thunderstorm";91
2013-06-20;27;22;17;21;18;16;100;82;54;1017;1012;1008;31;13;5;32;13;39;2.03;4;"Fog-Rain-Thunderstorm";50
2013-06-21;22;19;16;19;16;13;100;85;59;1012;1008;1005;31;13;6;45;14;66;0;6;"Fog-Rain-Thunderstorm";223
2013-06-22;22;18;14;16;13;12;94;74;50;1013;1011;1009;31;13;6;32;19;50;0;5;"Rain";215
2013-06-23;20;17;13;14;12;10;94;76;47;1012;1009;1007;31;13;8;35;19;NA;0.51;5;"Rain";210
2013-06-24;18;15;12;14;12;11;94;83;59;1020;1016;1012;31;15;10;26;14;45;2.03;5;"Rain";241
2013-06-25;15;13;12;12;11;9;100;85;64;1024;1022;1020;31;14;8;27;13;NA;0.51;6;"Rain";292
2013-06-26;15;12;10;10;8;6;88;71;46;1024;1022;1021;31;10;10;37;23;50;0;6;"Rain";292
2013-06-27;16;13;10;10;9;7;94;83;50;1022;1020;1019;31;13;10;24;14;NA;0.25;6;"Rain";243
2013-06-28;14;12;11;11;9;8;94;83;67;1020;1017;1015;31;12;6;27;18;NA;2.03;6;"Rain";193
2013-06-29;16;13;10;14;11;7;100;84;50;1021;1014;1011;31;9;3;34;18;52;0.76;6;"Rain";249
2013-06-30;16;12;8;13;9;6;94;80;51;1021;1019;1016;31;11;8;26;13;NA;0;5;"Rain";251
2013-07-01;20;17;13;15;13;10;100;80;52;1017;1015;1013;31;12;8;23;10;NA;0;6;"Rain";254
2013-07-02;20;15;10;12;9;6;100;67;30;1016;1014;1012;31;11;10;19;6;NA;0;4;"Fog-Rain";252
2013-07-03;26;20;14;19;14;9;94;73;45;1013;1009;1007;26;13;7;21;11;NA;0.51;5;"Fog-Rain";161
2013-07-04;21;18;16;17;16;14;100;85;63;1022;1018;1013;26;10;5;16;8;NA;0.25;6;"Rain";258
2013-07-05;22;18;13;17;14;9;100;75;43;1030;1026;1022;31;12;10;24;10;NA;0;4;"Rain";299
2013-07-06;22;14;7;12;10;8;100;68;34;1032;1031;1030;31;14;10;11;6;NA;0;1;"Fog";9
2013-07-07;25;17;9;15;12;8;100;67;32;1033;1031;1030;31;16;10;19;5;NA;0;1;"Fog";48
2013-07-08;25;18;11;15;13;8;100;70;36;1032;1031;1029;31;14;2;19;8;NA;0;2;"Fog";323
2013-07-09;24;17;10;16;13;8;100;70;27;1030;1026;1021;31;14;10;21;8;NA;0;1;"Fog";315
2013-07-10;19;16;13;14;12;9;94;72;46;1022;1019;1018;31;12;8;29;18;NA;0;4;"Rain";301
2013-07-11;22;16;10;14;11;9;100;72;35;1021;1020;1018;31;13;10;32;13;NA;0;3;"Fog";309
2013-07-12;21;17;12;12;11;9;94;69;42;1022;1021;1021;31;15;2;21;13;NA;0;3;"";305
2013-07-13;21;14;8;14;11;8;100;76;47;1023;1022;1021;31;13;2;24;10;NA;0;4;"Fog";303
2013-07-14;17;15;13;14;12;10;94;80;54;1023;1021;1021;31;12;2;29;18;NA;0;6;"Rain";294
2013-07-15;21;16;11;13;12;10;94;73;47;1023;1022;1021;31;13;10;24;11;NA;0;4;"";300
2013-07-16;23;18;13;15;13;11;94;75;41;1025;1023;1022;31;12;5;16;10;NA;0;6;"";301
2013-07-17;25;18;11;16;14;11;100;77;42;1025;1024;1023;31;11;0;23;8;NA;0;6;"Fog";325
2013-07-18;25;18;11;16;13;11;100;70;32;1026;1025;1023;31;9;0;21;8;NA;0;2;"Fog";312
2013-07-19;24;19;14;16;15;13;100;76;49;1024;1022;1020;31;11;2;32;16;NA;0;5;"";298
2013-07-20;26;19;12;15;11;7;100;58;21;1024;1022;1021;31;18;2;24;10;NA;0;4;"Fog-Rain";20
2013-07-21;30;21;12;14;11;8;94;51;17;1024;1022;1019;NA;NA;NA;13;5;NA;0;NA;"";94
2013-07-22;31;22;13;15;12;7;88;51;13;1020;1018;1016;2;2;2;16;6;NA;0;NA;"";62
2013-07-23;30;22;14;16;13;8;94;55;18;1016;1015;1014;10;10;10;24;8;NA;0;1;"";67
2013-07-24;30;23;16;18;12;8;100;51;22;1016;1014;1012;31;11;8;24;14;NA;8.89;5;"Rain-Thunderstorm";97
2013-07-25;27;22;17;19;17;13;100;77;33;1015;1015;1014;26;8;3;14;8;NA;0;5;"Fog-Rain";242
2013-07-26;29;23;18;19;17;15;100;70;34;1015;1014;1012;19;12;6;21;6;NA;7.11;6;"Rain-Thunderstorm";56
2013-07-27;31;24;18;20;18;16;100;79;33;1013;1010;1007;31;12;3;23;6;48;4.06;6;"Fog-Rain-Thunderstorm";118
2013-07-28;28;23;18;20;18;16;100;76;42;1014;1008;1004;31;15;10;29;10;35;0;5;"Rain";241
2013-07-29;26;21;16;18;17;14;100;77;39;1015;1013;1012;31;13;9;29;6;48;0;5;"Rain-Thunderstorm";39
2013-07-30;22;18;14;17;15;12;100;83;54;1015;1014;1013;31;14;9;29;10;60;6.1;4;"Fog-Rain";250
2013-07-31;23;20;16;16;14;11;94;74;41;1017;1013;1009;31;10;5;26;16;40;0;5;"Rain";265
2013-08-01;29;22;16;19;17;13;100;76;36;1018;1016;1014;31;9;3;21;8;NA;0.51;6;"Rain";190
2013-08-02;34;26;18;18;16;12;88;52;18;1015;1012;1010;NA;NA;NA;21;8;NA;0;NA;"";129
2013-08-03;27;21;16;20;17;15;94;66;39;1021;1015;1009;31;13;10;40;13;61;0.51;3;"Rain";255
2013-08-04;26;19;12;16;13;11;100;67;28;1023;1021;1020;31;13;8;18;6;NA;0;1;"Fog";279
2013-08-05;29;22;14;15;13;9;88;56;22;1022;1018;1013;31;31;31;24;11;40;0;NA;"";127
2013-08-06;25;21;17;16;14;13;77;61;39;1016;1013;1010;31;12;10;27;16;40;0;3;"Rain";251
2013-08-07;24;18;11;16;12;9;94;67;36;1016;1014;1010;31;13;10;26;10;NA;6.1;5;"Fog-Rain";33
2013-08-08;20;17;14;18;14;11;94;81;49;1019;1013;1009;31;11;5;27;10;40;0;5;"Rain";268
2013-08-09;22;17;11;13;11;8;94;71;31;1021;1019;1018;31;11;10;19;8;NA;0;4;"Fog";261
2013-08-10;21;17;13;15;13;11;88;73;50;1019;1017;1016;26;12;10;26;8;NA;0.51;4;"Rain";233
2013-08-11;19;16;13;14;11;9;100;74;41;1017;1015;1013;31;11;9;27;13;47;0;4;"Rain";245
2013-08-12;21;16;12;13;11;8;100;74;35;1014;1013;1011;31;13;6;26;11;NA;0;5;"Rain";245
2013-08-13;19;14;11;13;11;9;94;80;52;1017;1013;1011;31;14;10;29;14;42;1.02;3;"Rain-Thunderstorm";251
2013-08-14;19;14;11;14;11;9;94;81;43;1022;1020;1017;31;12;10;26;13;40;3.05;3;"Fog-Rain";264
2013-08-15;22;14;8;15;11;8;100;75;37;1023;1021;1019;31;11;10;21;8;NA;0;4;"Fog-Rain";195
2013-08-16;26;20;14;16;14;11;100;67;29;1019;1017;1014;31;11;6;26;11;40;0;5;"Fog";208
2013-08-17;23;19;16;17;16;14;100;79;52;1016;1014;1012;31;12;8;24;8;NA;1.02;5;"Rain";227
2013-08-18;21;18;15;17;16;14;100;82;67;1012;1010;1009;31;11;3;29;14;NA;6.1;6;"Fog-Rain";210
2013-08-19;19;14;11;15;13;11;100;89;55;1021;1015;1012;26;10;0;14;5;NA;4.06;6;"Fog-Rain";41
2013-08-20;19;14;10;14;12;8;100;80;41;1028;1025;1021;31;13;10;19;8;NA;0;5;"Fog-Rain";293
2013-08-21;22;16;9;13;11;8;100;74;33;1028;1026;1023;31;14;10;16;5;NA;0;2;"Fog-Rain";253
2013-08-22;23;18;13;13;11;9;100;62;31;1024;1021;1020;31;19;10;13;5;NA;0;4;"";99
2013-08-23;24;18;11;14;11;9;94;63;30;1022;1020;1019;31;16;10;24;11;NA;0;6;"";94
2013-08-24;24;18;12;13;10;8;88;57;28;1021;1017;1014;31;19;10;27;18;47;0;1;"";90
2013-08-25;25;19;13;13;11;7;88;58;22;1018;1015;1014;31;25;10;29;18;42;0;3;"";69
2013-08-26;23;17;12;11;9;5;88;60;21;1021;1020;1018;31;31;31;26;16;45;0;NA;"";60
2013-08-27;23;17;11;13;10;7;100;65;30;1021;1019;1017;31;13;10;23;10;NA;0;5;"Fog";79
2013-08-28;24;17;9;16;11;7;100;70;30;1021;1019;1018;31;16;10;14;8;NA;0;2;"Fog";351
2013-08-29;22;16;9;14;12;9;100;74;42;1022;1021;1019;31;14;7;14;5;NA;0;5;"Fog-Rain";289
2013-08-30;22;16;9;15;12;9;100;75;43;1021;1018;1017;31;11;5;19;6;NA;0;5;"Fog-Rain";254
2013-08-31;19;16;12;17;13;7;94;81;48;1021;1017;1016;19;10;4;29;11;NA;4.06;6;"Rain";261
2013-09-01;17;14;11;12;11;8;94;78;47;1023;1021;1019;31;13;10;27;13;47;0.51;5;"Rain";254
2013-09-02;17;14;12;16;14;11;100;93;81;1019;1017;1015;31;7;3;34;23;48;7.11;7;"Rain";265
2013-09-03;20;18;16;17;16;15;100;89;72;1026;1023;1019;26;9;5;24;18;NA;0.51;6;"Rain";287
2013-09-04;19;17;15;16;15;14;94;84;72;1027;1025;1022;31;15;10;13;6;NA;0;6;"Rain";83
2013-09-05;25;19;13;16;14;13;94;73;47;1023;1018;1014;31;20;10;24;14;47;0;2;"";112
2013-09-06;28;21;14;15;13;9;88;60;29;1015;1012;1010;31;29;26;29;19;NA;0;NA;"";125
2013-09-07;26;21;16;17;13;9;83;59;38;1019;1016;1013;31;13;10;18;10;NA;0;4;"Rain-Thunderstorm";104
2013-09-08;21;17;14;16;12;9;94;70;48;1019;1017;1015;31;13;8;26;13;NA;0.51;6;"Rain";133
2013-09-09;15;13;10;12;12;9;100;89;72;1019;1015;1013;31;12;4;16;8;NA;22.1;6;"Fog-Rain";279
2013-09-10;14;11;8;12;10;8;100;90;69;1014;1010;1008;31;10;5;19;8;NA;2.03;6;"Fog-Rain";103
2013-09-11;15;11;7;11;10;7;100;89;66;1012;1010;1008;26;10;0;19;5;NA;1.02;5;"Fog-Rain";28
2013-09-12;18;13;8;13;11;8;100;85;59;1016;1014;1012;31;11;0;13;6;NA;0;5;"Fog-Rain";330
2013-09-13;19;14;11;14;13;11;100;88;64;1018;1017;1016;31;9;1;21;5;NA;0;6;"Fog-Rain";278
2013-09-14;18;14;10;16;13;10;100;90;64;1017;1012;1008;19;9;5;24;10;NA;0.25;6;"Fog-Rain";152
2013-09-15;16;14;12;15;11;8;100;81;57;1010;1008;1002;31;14;5;23;14;NA;0.25;6;"Rain";243
2013-09-16;16;12;8;12;8;4;100;77;43;1003;998;995;31;11;4;34;21;52;0.51;5;"Rain";231
2013-09-17;16;11;6;8;6;4;93;74;47;1000;999;997;31;14;10;35;18;NA;0;3;"";219
2013-09-18;14;11;8;8;8;6;93;79;50;1002;997;994;31;14;10;18;11;NA;0;5;"Rain";294
2013-09-19;16;11;5;10;8;6;100;82;51;1010;1006;1002;31;13;10;23;10;NA;0;4;"Fog-Rain";249
2013-09-20;17;13;10;14;11;9;100;91;67;1018;1011;1007;31;9;4;19;11;42;2.03;6;"Fog-Rain";259
2013-09-21;16;13;9;13;11;9;100;85;58;1026;1023;1018;31;10;1;19;6;NA;0;6;"Fog";263
2013-09-22;18;14;11;15;13;11;88;84;70;1026;1023;1021;26;11;9;26;13;45;0;6;"Rain";249
2013-09-23;18;17;15;14;13;12;88;81;61;1022;1021;1019;31;14;10;32;24;48;0;6;"Rain";293
2013-09-24;16;13;10;14;13;10;100;89;79;1019;1016;1015;31;12;7;58;14;NA;0;6;"Fog-Rain";304
2013-09-25;13;10;7;11;9;7;100;92;75;1016;1013;1008;31;13;6;21;10;NA;5.08;7;"Fog-Rain";94
2013-09-26;14;9;5;9;7;5;100;84;51;1020;1014;1007;31;10;5;21;13;NA;0;5;"Fog-Rain";53
2013-09-27;14;9;3;9;7;3;100;87;58;1020;1019;1017;31;13;10;19;5;NA;0;4;"Fog-Rain";296
2013-09-28;15;9;3;8;6;3;100;80;45;1018;1017;1016;31;8;0;16;6;NA;0;3;"Fog";40
2013-09-29;15;9;4;8;5;4;96;72;36;1020;1018;1017;31;13;10;32;14;45;0;2;"";84
2013-09-30;14;9;4;6;4;2;93;71;36;1019;1017;1015;10;10;10;32;18;52;0;1;"";83
2013-10-01;14;9;3;6;4;3;93;74;39;1022;1019;1018;31;11;10;29;14;NA;0;1;"";77
2013-10-02;14;8;3;5;3;0;100;68;28;1026;1024;1022;10;10;10;27;13;NA;0;1;"";105
2013-10-03;14;9;3;3;1;0;81;60;27;1027;1025;1021;31;29;26;40;23;60;0;NA;"";119
2013-10-04;13;9;4;7;2;0;76;60;37;1022;1019;1016;31;15;10;32;24;NA;0.51;6;"Rain";140
2013-10-05;16;12;9;14;10;6;100;85;68;1020;1017;1015;26;12;0;14;10;NA;0;6;"Fog-Rain";208
2013-10-06;16;12;9;13;12;9;100;89;66;1026;1023;1020;31;9;0;11;5;NA;0;6;"Fog-Rain";269
2013-10-07;17;11;6;11;9;7;100;86;54;1027;1026;1025;19;9;0;19;5;NA;0;5;"Fog";216
2013-10-08;16;11;7;11;9;7;100;83;55;1027;1024;1021;14;10;8;14;6;NA;0;5;"Fog";210
2013-10-09;15;13;11;14;12;8;100;89;72;1021;1014;1006;31;8;3;23;13;NA;4.06;6;"Rain";232
2013-10-10;12;9;7;9;7;5;94;79;53;1014;1007;1004;31;16;10;18;13;NA;0;6;"Rain";220
2013-10-11;15;12;8;12;11;6;94;83;71;1020;1017;1014;31;7;5;35;19;53;0.25;6;"Rain";44
2013-10-12;13;12;12;12;12;11;100;91;82;1022;1019;1015;6;5;3;29;21;NA;8.89;6;"Rain";73
2013-10-13;12;8;5;11;7;4;100;83;57;1020;1018;1014;31;13;5;19;11;NA;0;5;"Fog-Rain";152
2013-10-14;14;8;3;9;6;3;100;82;55;1020;1017;1014;31;15;10;23;11;NA;0;4;"Fog";123
2013-10-15;11;9;7;10;8;7;100;91;74;1014;1008;1005;26;11;6;11;8;NA;0.51;6;"Fog-Rain";192
2013-10-16;12;10;8;10;9;8;100;91;76;1013;1010;1006;11;7;3;14;8;NA;0;6;"Rain";136
2013-10-17;14;12;9;11;10;9;100;90;77;1011;1005;1001;26;9;6;40;19;47;5.08;6;"Rain";231
2013-10-18;12;7;3;10;4;-1;94;70;32;1021;1016;1009;31;13;10;26;14;NA;0;3;"Rain";336
2013-10-19;11;7;3;10;5;2;94;82;64;1021;1014;1007;31;21;10;32;13;NA;0.25;7;"Rain";127
2013-10-20;17;14;11;14;13;9;94;84;69;1012;1010;1007;31;13;10;21;13;37;3.05;6;"Rain-Thunderstorm";221
2013-10-21;16;13;12;13;12;11;100;86;69;1013;1011;1008;31;14;6;27;14;NA;0;6;"Rain-Thunderstorm";207
2013-10-22;20;16;11;15;13;11;94;81;58;1013;1008;1003;31;28;26;24;14;NA;0;6;"";154
2013-10-23;19;17;13;14;13;11;88;77;61;1007;1003;1001;31;15;10;32;18;NA;0;5;"Rain";197
2013-10-24;14;11;6;11;7;4;94;72;40;1019;1014;1007;10;10;10;27;18;NA;0;2;"";243
2013-10-25;15;10;4;13;8;4;100;87;62;1020;1015;1009;31;15;6;26;10;NA;0.51;6;"Fog-Rain";137
2013-10-26;18;16;13;14;13;12;100;84;67;1011;1009;1007;31;12;6;29;19;NA;0;4;"Rain";213
2013-10-27;17;15;13;13;11;8;94;77;57;1008;1001;996;31;14;10;45;21;63;0.76;3;"Rain";209
2013-10-28;18;14;12;12;9;7;94;73;38;1000;993;985;31;12;6;66;35;106;6.1;4;"Rain";219
2013-10-29;12;10;8;8;7;6;93;78;59;1011;1006;1000;31;12;10;39;29;60;3.05;5;"Rain";235
2013-10-30;12;9;6;8;6;5;93;85;61;1024;1017;1011;31;14;10;27;21;42;3.05;3;"Rain";232
2013-10-31;12;9;6;7;5;4;93;74;54;1024;1020;1015;31;22;10;29;21;NA;0.51;5;"Rain";205
2013-11-01;12;10;8;9;8;6;100;84;72;1015;1012;1008;26;12;8;32;21;NA;0;6;"Rain";215
2013-11-02;11;9;7;10;8;6;100;91;79;1009;1002;999;26;10;3;16;11;NA;5.08;7;"Rain";183
2013-11-03;12;9;7;10;6;3;94;79;49;999;996;995;31;12;5;42;23;72;0;5;"Rain";218
2013-11-04;11;8;6;10;6;4;100;89;73;997;987;979;31;10;3;32;23;47;14.99;6;"Rain";218
2013-11-05;10;8;6;6;5;3;93;81;64;995;992;989;31;12;6;26;21;NA;0.25;5;"Rain";218
2013-11-06;9;7;5;8;6;3;100;89;66;1001;995;988;31;10;5;26;16;47;4.06;5;"Rain";234
2013-11-07;13;10;7;12;8;5;100;89;65;1008;1002;994;31;10;3;26;14;35;0.76;6;"Rain";232
2013-11-08;11;8;6;7;6;6;100;88;69;1010;1008;1002;26;9;0;19;10;NA;0;7;"Fog-Rain";189
2013-11-09;9;8;7;8;6;3;93;78;57;1006;1002;998;26;10;5;43;27;69;0.51;6;"Rain";214
2013-11-10;8;6;4;6;4;3;93;86;67;1017;1004;996;31;12;6;24;18;NA;0.25;5;"Rain";267
2013-11-11;9;4;-1;6;3;-1;100;83;58;1029;1026;1018;31;16;0;21;8;NA;0;4;"Fog";219
2013-11-12;8;7;6;7;4;1;100;80;52;1028;1024;1022;31;8;2;27;18;NA;2.03;7;"Rain";222
2013-11-13;10;7;4;7;5;3;100;88;65;1029;1027;1024;31;14;2;21;11;NA;0;2;"Fog-Rain";251
2013-11-14;8;6;3;5;3;3;100;81;62;1026;1020;1017;26;13;10;23;13;NA;0;6;"Rain";194
2013-11-15;7;6;4;5;4;3;93;88;77;1031;1027;1021;19;9;6;13;6;NA;0;7;"";223
2013-11-16;9;7;5;7;6;4;100;88;71;1031;1028;1025;18;9;3;23;14;NA;0;7;"Fog-Rain";247
2013-11-17;9;8;7;8;7;6;100;91;80;1027;1024;1020;18;7;1;18;11;NA;0;7;"Rain";246
2013-11-18;7;6;5;7;5;3;93;90;82;1022;1011;1005;11;7;3;19;13;NA;0;7;"Rain";172
2013-11-19;6;6;4;5;4;3;100;92;83;1008;1006;1004;26;6;3;21;13;NA;0.25;8;"Rain";239
2013-11-20;5;1;-2;3;1;-2;100;90;73;1008;1005;1002;31;15;10;14;6;NA;0;6;"Fog";342
2013-11-21;5;1;-4;1;-2;-4;100;89;59;1009;1005;1003;31;16;10;13;5;NA;0;3;"Fog";1
2013-11-22;6;2;-1;4;3;1;100;88;74;1016;1013;1009;26;13;10;14;8;NA;0;7;"Rain";14
2013-11-23;7;3;-1;5;3;-1;100;89;65;1021;1019;1016;27;12;9;14;10;NA;0;6;"Fog-Rain";358
2013-11-24;6;1;-4;5;-1;-6;100;75;35;1027;1021;1018;31;11;3;27;11;NA;0;4;"Fog-Rain";312
2013-11-25;4;-1;-6;0;-3;-7;94;83;59;1033;1028;1026;10;10;10;14;6;NA;0;2;"";330
2013-11-26;4;-1;-7;0;-3;-6;100;88;52;1034;1033;1032;31;20;10;8;5;NA;0;3;"Fog";287
2013-11-27;8;3;-3;8;4;-1;100;96;87;1032;1028;1026;26;7;2;23;13;39;0.25;7;"Rain";239
2013-11-28;9;7;6;8;4;3;100;78;57;1027;1026;1025;31;13;6;35;21;53;0;5;"Rain";295
2013-11-29;6;4;3;5;4;2;93;86;70;1026;1014;1004;31;12;5;37;18;47;8.89;6;"Rain";255
2013-11-30;6;4;3;5;3;2;100;86;71;1023;1014;1004;31;14;9;26;18;47;0;6;"Rain";292
2013-12-01;9;6;1;8;5;0;100;87;69;1030;1024;1022;31;13;5;29;16;50;0.51;4;"Fog-Rain";281
2013-12-02;5;1;-3;3;0;-3;100;95;80;1036;1033;1030;19;6;0;14;5;NA;0;1;"Fog";180
2013-12-03;2;0;-2;2;1;-1;100;99;93;1033;1028;1023;11;3;0;16;10;NA;0;7;"Fog";198
2013-12-04;6;3;1;5;3;1;100;92;85;1024;1020;1017;19;9;3;23;16;NA;1.02;6;"Rain";247
2013-12-05;5;3;2;3;1;-4;93;84;49;1022;1007;993;26;11;4;60;27;82;7.87;6;"Rain-Snow";247
2013-12-06;4;2;0;1;-2;-5;93;71;50;1014;1005;999;31;12;3;61;39;87;1.02;4;"Rain-Snow-Hail";296
2013-12-07;2;1;-1;2;-1;-3;100;86;66;1022;1019;1015;26;11;3;29;16;42;0.51;5;"Rain-Snow";272
2013-12-08;9;5;1;8;5;1;100;93;76;1021;1017;1014;26;6;1;29;16;48;1.02;7;"Rain";228
2013-12-09;9;9;8;9;8;7;100;96;90;1029;1021;1015;7;4;2;29;23;47;5.08;7;"Rain";275
2013-12-10;8;7;5;9;7;4;100;94;83;1035;1033;1029;8;5;1;21;13;NA;0;7;"Rain";242
2013-12-11;4;4;3;5;3;2;100;91;83;1034;1033;1031;5;4;2;16;11;NA;0;7;"";232
2013-12-12;4;2;1;3;2;1;100;98;92;1032;1028;1024;7;3;0;21;13;NA;0;7;"Fog";193
2013-12-13;4;2;-1;2;1;-1;100;90;78;1025;1022;1021;11;9;6;19;14;NA;0;5;"";222
2013-12-14;6;2;-2;5;2;-2;100;93;83;1026;1022;1020;11;6;2;29;13;NA;0.25;6;"Fog-Rain";224
2013-12-15;8;6;4;7;4;2;93;85;67;1026;1023;1020;31;11;6;34;24;47;2.03;6;"Rain";217
2013-12-16;11;9;7;7;4;1;93;70;50;1024;1021;1019;31;15;10;34;23;52;0;6;"";208
2013-12-17;9;6;3;5;4;3;100;82;56;1026;1022;1019;31;13;3;24;16;NA;0.25;6;"Fog-Rain";238
2013-12-18;8;6;3;5;4;3;96;84;69;1024;1017;1010;31;12;6;21;14;NA;0;6;"Rain";160
2013-12-19;8;6;4;7;5;3;96;87;70;1013;1005;1002;27;12;6;29;19;NA;3.05;6;"Fog-Rain";192
2013-12-20;5;3;2;4;3;2;100;93;81;1024;1018;1013;26;8;0;27;14;NA;0;5;"Fog-Rain";206
2013-12-21;8;6;3;3;2;-2;93;69;43;1024;1019;1012;31;16;10;40;32;61;0;7;"Rain";213
2013-12-22;9;7;4;7;4;-3;93;79;39;1013;1010;1007;31;13;6;37;29;60;2.03;6;"Rain";219
2013-12-23;10;7;4;5;3;2;87;78;62;1014;1009;998;31;13;10;35;23;61;0;4;"Rain";208
2013-12-24;14;10;7;8;5;3;93;60;46;999;991;988;31;11;10;45;35;64;0;6;"Rain";191
2013-12-25;12;7;2;8;6;1;100;83;61;995;990;984;31;13;10;40;16;50;0;6;"Rain";200
2013-12-26;5;3;1;5;3;0;100;96;89;1000;997;995;31;10;3;11;5;NA;2.03;7;"Fog-Rain";24
2013-12-27;10;7;3;5;3;1;100;79;55;1002;998;994;31;13;3;40;21;55;0;6;"Rain";190
2013-12-28;7;6;5;7;6;4;100;89;66;1004;999;995;31;12;3;27;14;NA;1.02;6;"Rain";211
2013-12-29;6;5;4;5;4;3;100;88;77;1019;1010;1004;19;9;6;26;16;NA;0.76;6;"Rain";233
2013-12-30;6;4;2;4;2;-1;93;79;61;1024;1021;1018;31;14;8;29;23;NA;0;4;"Rain";197
2013-12-31;6;4;2;2;1;-1;87;74;60;1019;1016;1010;31;14;10;27;19;NA;0;3;"Rain";161
2014-01-01;7;4;1;3;1;-2;93;82;67;1011;1009;1004;31;15;6;26;18;NA;0.51;5;"Rain";161
2014-01-02;9;6;2;7;4;1;93;87;72;1005;1001;999;31;14;9;27;23;52;1.02;6;"Rain";163
2014-01-03;10;7;4;7;5;2;93;86;73;1006;1003;1001;31;15;5;40;19;61;0.51;5;"Rain";178
2014-01-04;7;6;4;4;3;2;87;78;63;1007;1004;997;31;21;10;32;23;NA;0;4;"";171
2014-01-05;7;4;2;6;3;1;100;87;73;1010;1003;996;31;14;6;23;14;NA;0.76;5;"Rain";211
2014-01-06;11;6;2;9;5;0;94;87;78;1009;1005;1002;31;13;6;32;21;52;4.06;6;"Rain";173
2014-01-07;11;9;7;9;7;6;94;77;61;1010;1008;1002;31;12;10;37;26;58;0;5;"Rain";212
2014-01-08;9;8;8;8;6;5;100;83;68;1015;1012;1009;31;13;8;29;21;NA;4.06;6;"Rain";232
2014-01-09;12;9;6;9;6;4;94;84;65;1015;1003;995;31;14;10;40;23;69;2.03;6;"Rain";207
2014-01-10;7;6;5;5;4;3;93;84;74;1013;1009;1001;31;14;10;32;24;52;1.02;6;"Rain";253
2014-01-11;6;4;3;4;3;1;94;88;78;1014;1011;1007;31;11;5;32;21;40;2.03;6;"Rain-Thunderstorm";243
2014-01-12;6;3;1;3;2;0;100;86;69;1021;1018;1015;31;14;9;35;19;53;0;3;"Rain-Thunderstorm";257
2014-01-13;6;3;0;5;2;-1;100;90;75;1017;1010;1008;31;12;3;26;13;NA;2.03;6;"Rain";165
2014-01-14;6;3;1;4;3;1;100;96;77;1010;1008;1007;16;7;0;18;8;NA;0;6;"Fog";119
2014-01-15;4;3;2;3;2;2;100;96;87;1010;1009;1006;7;4;1;23;13;NA;0.51;7;"Fog-Rain";135
2014-01-16;5;3;2;5;3;1;100;95;87;1007;1002;999;6;5;3;26;21;NA;1.02;7;"Rain";133
2014-01-17;8;6;4;6;6;4;100;91;80;1003;1001;999;26;12;6;19;13;NA;0.51;6;"Rain";155
2014-01-18;8;6;4;6;4;3;93;88;72;1006;1005;1003;31;14;10;29;16;NA;0;6;"Rain";128
2014-01-19;3;2;0;3;1;-1;100;89;84;1007;1006;1005;10;7;5;35;27;48;0;8;"";96
2014-01-20;-1;-1;-2;0;-2;-3;100;92;85;1011;1008;1007;10;6;4;26;18;NA;0;8;"Rain";83
2014-01-21;-1;-2;-2;-2;-3;-3;100;90;84;1015;1013;1011;10;8;5;16;11;NA;0;7;"Snow";83
2014-01-22;-3;-3;-4;-3;-5;-6;93;85;74;1020;1016;1014;11;8;3;26;18;NA;0;7;"Snow";102
2014-01-23;-3;-4;-5;-5;-6;-6;93;86;77;1020;1017;1014;14;8;5;32;23;45;0;7;"Rain-Snow";116
2014-01-24;-6;-7;-8;-6;-8;-12;93;82;66;1025;1020;1014;11;7;6;26;21;NA;0;6;"Snow";91
2014-01-25;-9;-11;-12;-11;-13;-14;86;76;64;1026;1022;1012;16;10;8;34;21;NA;0;6;"";122
2014-01-26;-9;-11;-12;-10;-13;-15;93;75;61;1014;1009;997;18;9;5;34;26;52;0;6;"Snow";116
2014-01-27;4;-3;-11;1;-3;-11;100;89;69;1000;994;990;14;7;2;29;21;45;0;5;"Snow";140
2014-01-28;0;-2;-3;-1;-2;-3;100;93;86;1007;1003;999;7;5;3;29;18;NA;0;8;"";116
2014-01-29;-5;-6;-6;-3;-7;-9;93;80;65;1012;1008;1006;18;9;6;29;24;NA;0;7;"Snow";100
2014-01-30;-3;-5;-7;-7;-7;-9;86;80;71;1014;1012;1011;18;10;8;23;18;NA;0;6;"";102
2014-01-31;-2;-4;-6;-4;-6;-8;93;84;74;1014;1010;1005;10;7;6;23;16;NA;0;6;"";119
2014-02-01;4;0;-4;3;0;-4;100;86;73;1006;1001;998;14;8;5;29;19;NA;4.06;7;"Rain";157
2014-02-02;7;3;0;3;1;0;100;86;62;1018;1011;1005;31;20;14;19;13;NA;0;NA;"";161
2014-02-03;3;1;-2;2;0;-2;100;93;77;1019;1015;1009;19;10;3;26;10;NA;0;7;"Fog";111
2014-02-04;6;3;0;2;0;-1;100;85;66;1010;1009;1007;19;9;6;19;16;NA;0;7;"";145
2014-02-05;3;1;-2;1;-1;-2;100;87;74;1008;1001;997;18;8;6;26;14;NA;0;5;"";136
2014-02-06;9;6;2;4;2;0;87;71;57;1003;1000;997;31;14;10;34;21;48;0;6;"Rain";187
2014-02-07;12;8;4;7;4;2;93;81;60;998;990;985;31;12;10;58;27;80;5.08;6;"Rain";188
2014-02-08;8;6;3;5;3;1;93;81;60;999;993;988;31;14;10;32;24;NA;0.51;6;"Rain";180
2014-02-09;8;7;4;3;2;-1;87;68;43;994;990;987;31;11;10;45;26;63;0.76;6;"Rain";200
2014-02-10;8;4;2;2;0;-1;81;70;53;999;997;995;31;22;10;32;19;NA;0;4;"";144
2014-02-11;7;4;2;3;2;-1;95;80;58;1000;998;995;31;12;6;32;16;NA;0;6;"Rain";203
2014-02-12;8;6;3;3;1;-1;93;73;47;1006;1002;996;31;15;9;37;24;50;0;4;"Rain";201
2014-02-13;8;6;2;3;2;-1;96;71;47;997;994;992;31;13;9;39;27;55;0;6;"Rain";210
2014-02-14;7;4;1;3;2;0;100;83;62;1007;1002;996;31;12;6;40;18;58;0.25;6;"Rain";203
2014-02-15;13;9;4;6;3;1;87;63;39;998;994;991;31;11;10;45;34;71;0;6;"Rain";189
2014-02-16;8;6;4;4;3;1;87;75;54;1009;1002;996;31;13;10;43;32;66;0;4;"Rain";240
2014-02-17;7;3;-1;4;2;-1;100;85;68;1016;1012;1008;19;11;5;19;13;NA;0;4;"Fog";227
2014-02-18;9;4;-1;4;2;-1;100;83;55;1017;1013;1009;31;10;0;19;10;NA;0;7;"Fog";166
2014-02-19;8;6;3;6;4;1;100;90;72;1012;1009;1007;26;9;3;19;11;NA;0.25;7;"Rain";229
2014-02-20;11;7;3;6;4;2;100;78;48;1012;1008;1003;31;11;6;29;16;NA;0;6;"Rain";196
2014-02-21;9;6;3;7;5;2;100;86;71;1007;1003;1001;31;13;8;29;18;NA;2.03;5;"Rain-Hail";224
2014-02-22;7;4;2;3;2;1;93;80;68;1017;1010;1007;31;14;10;35;23;NA;0;4;"Rain";212
2014-02-23;10;7;3;3;2;0;93;73;44;1021;1019;1017;31;17;10;32;18;NA;0;3;"";188
2014-02-24;12;7;1;2;1;0;87;66;36;1020;1016;1013;31;31;31;34;18;NA;0;NA;"";148
2014-02-25;14;8;3;4;2;-1;81;62;38;1013;1010;1008;31;27;26;23;14;NA;0;8;"";151
2014-02-26;11;7;1;6;4;1;100;75;54;1019;1015;1011;26;17;8;14;10;NA;0;6;"Fog-Rain";191
2014-02-27;11;4;-2;4;2;-2;100;80;48;1019;1014;1008;19;9;1;26;8;NA;0;2;"Fog";147
2014-02-28;7;3;0;4;3;-1;100;87;74;1009;1005;1003;19;10;3;14;10;NA;2.03;5;"Fog-Rain";142
2014-03-01;8;3;-2;4;1;-2;100;84;56;1005;1003;1001;19;9;1;21;8;NA;0;7;"Fog-Rain";87
2014-03-02;7;4;2;4;2;-1;97;80;57;1003;1002;1000;26;12;9;24;13;NA;0;5;"Rain";182
2014-03-03;11;6;1;4;2;-1;93;73;48;1000;995;991;19;10;6;29;16;NA;0;5;"";122
2014-03-04;9;4;-1;5;3;0;100;79;54;1009;1003;998;11;8;6;11;5;NA;0;6;"";9
2014-03-05;11;7;2;5;3;2;100;83;47;1026;1017;1008;13;6;0;18;6;NA;0;5;"Fog";329
2014-03-06;11;7;2;5;3;1;100;85;43;1030;1028;1026;14;3;0;18;10;NA;0;5;"Fog";167
2014-03-07;13;8;3;7;3;2;93;70;35;1028;1025;1022;14;8;5;29;14;NA;0;7;"Rain";196
2014-03-08;12;5;-2;6;0;-4;100;62;25;1035;1032;1027;31;22;10;27;11;NA;0;3;"Fog";165
2014-03-09;20;12;3;4;3;1;87;57;21;1031;1028;1027;31;13;8;21;14;NA;0;NA;"";158
2014-03-10;18;11;3;6;3;-1;87;57;18;1029;1026;1024;26;21;9;21;11;NA;0;NA;"";242
2014-03-11;13;8;3;6;2;-4;93;69;26;1037;1034;1029;31;14;8;26;14;NA;0;4;"";46
2014-03-12;14;6;-2;2;0;-3;100;66;21;1037;1035;1031;31;19;10;14;6;NA;0;NA;"Fog";86
2014-03-13;16;8;0;3;1;-3;93;63;19;1032;1028;1026;31;22;10;16;6;NA;0;NA;"Fog";358
2014-03-14;9;6;2;6;4;2;100;89;68;1028;1023;1010;14;7;0;32;13;50;1.02;7;"Fog-Rain";265
2014-03-15;10;8;5;6;4;2;93;74;50;1014;1011;1007;31;12;3;50;37;77;0;6;"Rain";284
2014-03-16;9;8;6;8;7;6;100;88;77;1012;1009;1006;19;9;3;48;37;74;0.25;7;"Rain";284
2014-03-17;10;9;7;7;7;6;88;83;73;1016;1013;1011;19;12;10;29;24;48;0;7;"Rain";271
2014-03-18;11;9;7;7;6;4;93;80;63;1015;1010;1007;19;10;6;24;18;NA;2.03;6;"Rain";250
2014-03-19;12;9;6;7;6;4;94;80;58;1016;1013;1007;31;13;6;40;19;60;0;6;"Rain";261
2014-03-20;19;12;6;6;4;1;87;55;23;1017;1012;1003;31;27;26;35;21;NA;0;NA;"";214
2014-03-21;11;7;3;9;5;2;98;79;34;1010;1005;1002;31;11;6;32;18;NA;8.89;6;"Rain";252
2014-03-22;12;7;2;6;3;1;100;84;49;1009;1003;999;26;12;6;29;14;NA;1.02;6;"Rain";193
2014-03-23;11;6;1;5;2;-1;100;79;34;1008;1004;1001;31;14;10;26;14;NA;0;3;"Rain";246
2014-03-24;9;4;0;4;2;0;100;83;43;1013;1011;1008;31;13;0;23;5;NA;0;4;"Fog-Rain";308
2014-03-25;11;5;-1;2;1;-3;100;71;31;1013;1012;1010;31;15;10;21;8;NA;0;3;"Fog";346
2014-03-26;11;7;2;2;1;-2;87;65;28;1021;1015;1010;31;14;10;29;13;NA;0;5;"Rain";146
2014-03-27;11;6;1;4;2;1;94;82;53;1022;1020;1017;31;15;10;27;18;NA;0;4;"";64
2014-03-28;7;4;1;6;4;1;100;91;76;1024;1023;1021;26;9;3;21;14;NA;0;7;"Rain";70
2014-03-29;16;9;3;7;6;3;100;79;41;1025;1023;1021;14;6;2;19;10;NA;0;6;"Fog";105
2014-03-30;18;11;3;9;6;3;100;75;30;1022;1018;1015;11;6;0;18;6;NA;0;3;"Fog";80
2014-03-31;15;10;5;7;6;4;100;78;43;1016;1015;1014;11;8;3;14;5;NA;0;6;"Fog";342
2014-04-01;11;6;2;7;5;2;100;90;75;1015;1014;1012;16;4;0;23;8;NA;0;6;"Fog";65
2014-04-02;19;12;5;10;7;4;93;76;43;1013;1009;1005;11;7;3;18;13;NA;0;4;"";109
2014-04-03;14;9;4;8;6;3;100;81;53;1009;1006;1004;14;6;3;24;10;NA;0;1;"Fog";47
2014-04-04;7;6;4;6;4;2;100;86;73;1013;1011;1009;19;8;5;23;18;NA;12.95;7;"Rain";93
2014-04-05;10;8;6;9;7;6;100;94;87;1017;1014;1013;8;5;2;18;11;NA;3.05;7;"Fog-Rain";148
2014-04-06;15;11;7;13;11;8;100;94;78;1017;1016;1015;26;5;0;21;11;NA;7.87;7;"Fog-Rain";195
2014-04-07;19;15;11;13;12;11;100;80;59;1015;1013;1007;31;14;10;24;14;NA;0;6;"Rain";218
2014-04-08;14;10;6;12;8;4;93;80;62;1014;1008;1004;31;14;8;53;21;77;3.05;6;"Rain-Hail";244
2014-04-09;11;8;5;7;6;4;100;82;62;1019;1017;1014;31;14;10;37;21;60;0;6;"Rain";280
2014-04-10;11;9;6;9;7;4;94;83;71;1022;1020;1019;31;13;9;21;13;NA;0;6;"Rain";300
2014-04-11;14;9;5;8;6;5;100;79;49;1020;1019;1018;31;11;7;21;8;NA;0;4;"Fog-Rain";296
2014-04-12;13;7;1;8;4;1;100;77;37;1020;1017;1014;31;8;0;23;8;37;0.76;6;"Fog-Rain";273
2014-04-13;13;10;7;7;5;3;95;72;46;1015;1014;1011;31;12;9;37;19;52;0.51;4;"Rain";267
2014-04-14;9;7;4;6;3;0;93;75;44;1015;1009;1005;31;12;3;47;27;80;2.03;5;"Rain-Hail";285
2014-04-15;12;8;2;3;1;-3;87;60;26;1027;1021;1015;31;11;10;32;24;45;0;2;"";330
2014-04-16;13;6;-2;2;-1;-4;100;61;21;1032;1030;1028;10;10;10;14;6;NA;0;1;"";319
2014-04-17;16;9;3;7;2;-1;93;56;29;1028;1019;1009;19;11;8;35;14;40;0;6;"Rain";210
2014-04-18;10;8;4;6;5;3;93;85;58;1016;1010;1007;31;13;8;23;14;47;7.11;6;"Rain";321
2014-04-19;16;9;2;8;5;2;100;74;35;1022;1020;1016;31;18;10;32;13;39;0;1;"";54
2014-04-20;20;13;7;12;9;6;93;73;50;1018;1013;1010;31;17;10;29;18;48;0;2;"";57
2014-04-21;18;13;8;11;9;7;100;84;53;1012;1009;1007;31;12;6;35;16;52;4.06;6;"Rain-Thunderstorm";61
2014-04-22;19;14;8;13;11;8;100;84;48;1015;1011;1008;26;13;8;19;11;NA;6.1;5;"Fog-Rain-Thunderstorm";76
2014-04-23;17;13;9;13;11;9;100;89;70;1022;1019;1016;31;9;1;19;8;NA;0;7;"Fog-Rain";50
2014-04-24;13;10;7;11;8;6;100;90;78;1023;1022;1020;14;8;2;19;11;NA;0;7;"";59
2014-04-25;22;14;7;14;10;7;100;79;41;1021;1016;1014;31;11;0;26;13;NA;0;4;"Fog";64
2014-04-26;22;14;7;13;10;5;87;69;44;1015;1012;1008;31;19;10;26;13;40;0;3;"";78
2014-04-27;21;16;10;12;9;7;88;67;34;1010;1008;1007;31;20;10;35;18;NA;0;5;"";75
2014-04-28;21;14;9;10;8;5;94;68;31;1013;1011;1010;31;19;10;24;13;NA;0;3;"";63
2014-04-29;21;13;6;7;4;2;87;53;21;1014;1012;1010;31;28;10;21;6;NA;0;NA;"";60
2014-04-30;20;13;7;8;5;1;82;52;19;1011;1010;1009;31;31;31;11;5;NA;0;NA;"";317
2014-05-01;15;11;7;8;5;0;100;67;31;1014;1012;1010;26;10;6;26;11;NA;0;5;"Rain";7
2014-05-02;11;8;3;4;-1;-7;75;50;23;1024;1019;1014;31;16;10;27;18;NA;0;6;"Rain";50
2014-05-03;13;6;-2;3;1;-2;100;63;26;1025;1024;1023;10;10;10;29;8;NA;0;4;"";324
2014-05-04;10;8;5;3;2;1;87;63;48;1024;1022;1021;10;10;10;29;14;NA;0;6;"Rain";303
2014-05-05;14;9;4;6;5;3;96;72;48;1022;1019;1015;31;15;10;14;5;NA;0;6;"Rain";116
2014-05-06;19;14;9;12;7;3;94;64;42;1016;1010;1006;31;14;10;32;16;42;0;6;"Fog-Rain";158
2014-05-07;15;12;9;12;10;8;100;87;57;1009;1006;1003;31;12;6;24;13;NA;7.11;6;"Fog-Rain-Thunderstorm";234
2014-05-08;13;11;9;11;9;8;100;92;82;1009;1008;1005;26;10;4;35;16;NA;13.97;6;"Rain";218
2014-05-09;15;12;9;12;10;8;100;91;66;1008;1005;1003;26;9;3;29;13;55;9.91;6;"Rain-Thunderstorm";220
2014-05-10;15;11;8;11;9;7;100;87;56;1010;1006;998;31;11;6;29;19;40;3.05;6;"Rain";218
2014-05-11;13;11;9;11;8;7;100;84;64;1000;998;996;31;14;7;37;24;60;0.25;6;"Rain";225
2014-05-12;12;11;9;10;9;7;100;88;76;1008;1003;1000;31;12;6;26;19;NA;10.92;5;"Rain";242
2014-05-13;13;10;7;8;6;3;93;75;44;1017;1012;1008;31;11;10;34;16;52;0.51;4;"Rain";274
2014-05-14;13;9;6;6;4;2;93;70;38;1028;1022;1017;31;14;10;35;18;52;0;4;"Rain";291
2014-05-15;15;11;7;9;8;6;100;81;52;1035;1032;1028;31;13;6;23;10;NA;0;5;"Fog";319
2014-05-16;18;10;3;10;6;2;100;73;25;1035;1031;1027;31;15;10;26;10;42;0;1;"Fog";323
2014-05-17;20;12;4;11;8;4;100;76;36;1027;1023;1019;31;10;0;16;10;NA;0;3;"Fog";338
2014-05-18;19;12;6;12;9;5;100;77;48;1020;1015;1012;31;15;5;21;10;NA;0;7;"Rain";19
2014-05-19;18;14;10;12;11;9;100;82;51;1012;1011;1010;18;9;3;14;8;NA;0;6;"Rain";87
2014-05-20;27;18;9;17;12;6;100;67;23;1014;1013;1011;31;22;10;23;8;NA;0;3;"Fog-Thunderstorm";86
2014-05-21;28;21;14;16;13;9;94;56;23;1013;1012;1010;31;21;2;19;10;NA;0;NA;"Fog";137
2014-05-22;29;23;17;17;13;10;78;52;29;1011;1008;1007;31;19;10;32;14;NA;0;2;"";137
2014-05-23;18;14;12;16;14;11;100;88;71;1013;1009;1006;31;13;4;29;16;NA;7.11;6;"Fog-Rain-Thunderstorm";289
2014-05-24;22;15;8;14;12;9;100;78;39;1017;1014;1013;31;8;0;29;5;NA;7.11;4;"Fog-Rain-Thunderstorm";60
2014-05-25;22;17;11;14;11;7;100;71;31;1021;1019;1017;31;11;0;18;6;NA;0;3;"Fog-Rain";277
2014-05-26;22;16;10;14;12;9;100;70;45;1022;1019;1015;31;15;8;35;13;42;0;3;"Fog";54
2014-05-27;18;14;11;12;11;8;94;80;57;1016;1013;1013;31;15;10;32;19;47;1.02;6;"Rain";55
2014-05-28;12;10;9;8;7;3;87;76;59;1018;1015;1013;31;13;10;34;27;50;0;6;"Rain";68
2014-05-29;15;10;5;5;4;3;87;63;39;1021;1019;1017;31;11;10;32;16;50;0;4;"";58
2014-05-30;19;11;3;10;6;2;100;65;32;1022;1021;1020;31;12;10;23;10;39;0;1;"Fog";302
2014-05-31;17;13;9;10;9;6;94;75;51;1021;1020;1019;31;13;10;32;16;NA;0;4;"";284
2014-06-01;14;11;7;9;8;6;100;79;58;1021;1020;1019;31;16;10;18;10;NA;0;5;"Rain";283
2014-06-02;21;13;5;10;7;4;100;64;24;1022;1020;1017;31;16;10;14;5;NA;0;2;"Fog";82
2014-06-03;23;15;7;10;8;4;100;60;20;1019;1015;1012;31;16;10;13;5;NA;0;3;"Fog";49
2014-06-04;24;17;11;13;9;4;88;56;20;1013;1009;1006;31;13;10;23;11;NA;0;4;"Rain";108
2014-06-05;18;14;12;14;10;6;95;70;39;1015;1009;1005;31;11;4;35;16;NA;6.1;5;"Rain";205
2014-06-06;21;17;12;11;8;5;88;56;27;1017;1016;1015;31;19;10;29;18;NA;0;3;"Rain";233
2014-06-07;26;18;10;14;11;8;94;59;30;1017;1016;1015;31;25;18;18;8;NA;0;NA;"";57
2014-06-08;27;20;13;18;15;10;100;72;46;1021;1017;1016;31;15;4;37;10;NA;4.06;5;"Fog-Rain-Thunderstorm";43
2014-06-09;26;19;13;19;16;14;100;84;43;1022;1019;1017;31;8;0;21;10;NA;3.05;6;"Fog-Rain-Thunderstorm";45
2014-06-10;30;23;16;20;17;16;100;72;42;1021;1018;1015;31;16;10;24;11;NA;0;5;"Rain";126
2014-06-11;22;19;14;19;15;10;88;73;45;1026;1023;1020;31;14;10;26;13;NA;0;5;"Rain-Thunderstorm";308
2014-06-12;21;14;8;13;11;9;100;72;44;1027;1026;1023;31;12;10;26;11;NA;0;3;"Fog";300
2014-06-13;18;16;13;14;12;9;94;77;49;1024;1019;1017;31;11;9;34;14;53;0.76;6;"Rain";284
2014-06-14;21;17;12;13;9;7;94;67;32;1020;1018;1017;31;14;10;23;13;37;0;5;"Rain";350
2014-06-15;22;15;8;11;8;4;100;61;24;1022;1021;1020;31;11;10;23;6;32;0;3;"";340
2014-06-16;18;13;8;13;11;8;96;80;63;1022;1019;1017;31;13;9;23;11;NA;0;6;"Fog-Rain";267
2014-06-17;23;17;12;14;10;2;100;63;16;1021;1020;1018;31;11;8;21;8;NA;0;3;"";347
2014-06-18;19;14;9;13;11;9;100;76;52;1021;1020;1018;31;13;10;29;13;NA;0;5;"Fog-Rain";279
2014-06-19;17;14;13;13;11;9;94;76;52;1018;1014;1012;31;14;5;37;21;55;0.25;6;"Rain";283
2014-06-20;17;14;12;12;8;7;89;67;41;1015;1013;1011;31;12;8;37;24;58;0;5;"Rain";298
2014-06-21;18;14;11;12;10;9;94;77;52;1015;1014;1014;31;14;10;35;18;55;0.76;5;"Rain";282
2014-06-22;16;13;11;12;8;5;94;71;42;1020;1016;1014;31;12;10;34;18;48;0;4;"Rain";283
2014-06-23;18;13;8;11;8;6;87;66;41;1021;1020;1018;31;10;10;32;16;50;0.25;5;"Rain";281
2014-06-24;16;13;11;12;11;9;97;79;58;1019;1016;1015;31;12;5;19;13;NA;0;6;"Rain";315
2014-06-25;21;14;8;11;9;4;100;68;33;1016;1015;1014;31;13;10;27;8;35;0;4;"Rain";14
2014-06-26;22;14;8;12;9;4;100;69;26;1017;1016;1015;31;11;10;19;6;NA;0;3;"Rain";105
2014-06-27;23;17;10;15;11;7;94;70;28;1016;1014;1012;31;14;10;19;10;NA;2.03;6;"Fog-Rain";136
2014-06-28;21;17;13;15;13;10;94;75;45;1012;1010;1007;26;13;5;26;10;NA;3.05;6;"Rain-Thunderstorm";238
2014-06-29;19;16;13;14;12;9;100;79;44;1009;1007;1005;31;10;3;21;8;NA;0.76;5;"Rain";285
2014-06-30;19;14;10;13;10;8;100;75;41;1015;1012;1009;31;14;10;29;11;NA;1.02;3;"Rain-Thunderstorm";294
2014-07-01;17;13;10;12;10;9;96;79;52;1018;1017;1015;31;15;10;21;11;NA;1.02;5;"Rain-Thunderstorm";260
2014-07-02;19;14;11;13;11;9;100;78;48;1022;1020;1018;31;13;10;29;14;NA;0.25;4;"Rain";278
2014-07-03;23;16;9;12;10;7;100;64;31;1023;1021;1018;31;23;10;24;11;37;0;5;"";225
2014-07-04;28;20;12;16;11;9;94;53;20;1018;1013;1008;31;31;31;26;8;39;0;NA;"Rain";176
2014-07-05;29;23;18;19;16;13;94;68;30;1008;1005;1003;31;15;9;45;10;66;4.06;5;"Rain-Thunderstorm";179
2014-07-06;28;22;16;18;17;15;100;68;35;1010;1008;1007;31;16;10;26;13;NA;0;3;"Fog-Rain";170
2014-07-07;23;20;17;17;14;10;88;66;43;1018;1014;1007;31;16;10;21;14;NA;0;5;"Rain-Thunderstorm";297
2014-07-08;23;18;14;20;17;13;100;91;75;1017;1009;1004;26;10;2;14;8;NA;9.91;6;"Rain-Thunderstorm";8
2014-07-09;28;23;17;21;19;17;100;80;50;1007;1004;1002;31;11;5;32;11;42;0;4;"Rain";40
2014-07-10;27;22;18;19;17;15;94;70;46;1012;1009;1007;31;17;10;29;16;NA;0;1;"";45
2014-07-11;24;20;17;17;14;11;94;68;40;1015;1014;1013;31;16;10;29;16;NA;0;2;"";44
2014-07-12;22;17;12;13;12;10;94;66;40;1015;1013;1011;31;14;10;23;11;NA;0;3;"";42
2014-07-13;22;18;14;15;14;12;100;84;47;1011;1007;1004;31;14;5;29;10;39;3.05;6;"Rain";200
2014-07-14;22;19;15;16;16;14;100;83;57;1014;1008;1004;26;11;6;26;18;NA;0;6;"Rain";257
2014-07-15;23;19;14;16;14;12;100;71;43;1020;1017;1014;31;14;10;23;13;NA;0;4;"";247
2014-07-16;23;19;14;16;14;12;100;71;41;1022;1021;1020;31;13;5;16;8;NA;0;3;"Fog";281
2014-07-17;26;18;11;15;13;10;100;67;36;1023;1022;1020;31;17;10;14;5;NA;0;3;"Fog";356
2014-07-18;29;22;16;16;14;13;82;56;31;1022;1019;1017;31;31;31;19;10;NA;0;NA;"";108
2014-07-19;31;25;19;17;14;11;78;50;21;1018;1015;1013;31;20;10;26;14;39;0;1;"";102
2014-07-20;31;23;16;20;16;11;82;58;33;1014;1011;1009;31;18;10;24;14;NA;0;7;"Rain";69
2014-07-21;28;23;18;19;17;15;88;69;43;1016;1012;1010;31;17;3;32;18;45;0;6;"Rain";45
2014-07-22;27;21;16;18;16;13;100;68;35;1021;1019;1016;31;16;8;29;16;NA;0;3;"";42
2014-07-23;27;21;15;16;13;11;94;60;28;1023;1021;1019;31;16;10;32;16;NA;0;1;"";44
2014-07-24;25;21;16;19;16;13;94;73;39;1020;1018;1017;31;16;10;23;13;NA;2.03;6;"Rain-Thunderstorm";59
2014-07-25;26;21;16;18;17;13;94;75;43;1019;1015;1013;31;16;10;26;8;NA;0;6;"Rain-Thunderstorm";32
2014-07-26;26;21;15;18;17;15;100;74;43;1014;1014;1013;31;15;10;14;10;NA;0;4;"Rain";106
2014-07-27;28;21;15;19;17;15;100;77;36;1015;1014;1013;31;15;10;23;8;32;0;3;"Fog-Rain-Thunderstorm";268
2014-07-28;29;22;14;18;17;15;100;73;38;1015;1013;1011;31;10;0;18;6;NA;0;3;"Fog";27
2014-07-29;29;22;16;20;17;16;100;68;38;1012;1010;1008;31;15;6;19;8;NA;0;5;"Fog-Rain";23
2014-07-30;24;21;17;17;15;12;88;69;40;1012;1009;1007;31;13;10;27;14;NA;0;5;"Rain";310
2014-07-31;24;19;14;16;14;12;94;70;42;1014;1013;1012;31;16;10;23;11;NA;0;3;"";265
2014-08-01;29;22;15;14;13;10;82;54;22;1014;1012;1010;31;27;18;26;14;NA;0;NA;"";142
2014-08-02;28;22;17;18;16;13;78;60;39;1012;1009;1006;31;17;10;24;13;NA;0;6;"";112
2014-08-03;28;23;19;19;17;15;94;70;38;1012;1009;1006;26;15;10;23;10;NA;0;5;"Rain";284
2014-08-04;23;19;15;17;16;13;94;75;49;1016;1014;1011;31;18;10;14;8;NA;0;6;"Rain";307
2014-08-05;23;19;14;17;14;9;100;72;32;1019;1017;1016;31;14;10;23;8;NA;0.25;4;"Fog-Rain-Thunderstorm";306
2014-08-06;25;18;10;13;11;8;100;62;25;1019;1017;1014;31;15;10;16;6;NA;0;1;"Fog";120
2014-08-07;22;19;16;16;14;11;100;75;53;1015;1014;1013;26;13;10;16;8;NA;1.02;6;"Fog-Rain";181
2014-08-08;26;19;12;18;13;9;100;69;25;1016;1014;1009;31;6;0;14;6;NA;0;3;"Fog";94
2014-08-09;23;19;15;18;14;10;94;66;35;1013;1008;1002;31;16;6;34;19;58;4.06;4;"Rain";184
2014-08-10;26;19;13;18;14;12;88;67;46;1014;1008;1001;31;16;10;35;14;50;0;6;"Fog-Rain";137
2014-08-11;22;18;14;18;12;8;94;69;36;1010;1007;1001;31;14;6;40;24;60;0;3;"Rain-Thunderstorm";230
2014-08-12;20;17;14;12;11;9;82;70;46;1009;1008;1007;31;17;10;34;24;45;1.02;3;"Rain-Thunderstorm";215
2014-08-13;23;17;12;12;9;7;88;61;27;1008;1005;1003;31;16;10;29;18;48;0;3;"Rain";223
2014-08-14;21;17;12;14;12;11;94;74;47;1009;1006;1004;31;17;10;27;11;NA;0;4;"Rain";240
2014-08-15;21;16;11;14;12;10;100;78;47;1011;1009;1008;31;11;6;24;11;NA;0;3;"Fog-Rain";255
2014-08-16;17;13;10;13;12;9;100;85;52;1014;1013;1011;31;13;10;29;11;40;2.03;5;"Fog-Rain";262
2014-08-17;18;16;13;13;12;10;94;78;53;1013;1007;1001;31;12;5;39;23;63;0.76;6;"Rain";221
2014-08-18;17;14;12;13;12;10;94;84;60;1004;1000;998;31;14;7;39;26;55;2.03;4;"Rain";232
2014-08-19;18;14;10;13;11;8;100;84;53;1008;1006;1004;31;14;7;34;19;NA;5.08;4;"Rain-Thunderstorm";232
2014-08-20;16;13;9;12;10;8;94;84;59;1014;1011;1008;31;13;6;29;19;52;4.06;3;"Rain-Thunderstorm";243
2014-08-21;18;13;7;11;8;7;100;72;37;1014;1014;1013;31;14;10;26;13;39;0.25;4;"Fog-Rain";234
2014-08-22;19;14;11;12;10;8;94;73;43;1013;1010;1007;31;13;10;35;16;NA;0;6;"Rain";210
2014-08-23;17;13;10;12;10;8;100;83;43;1012;1010;1009;31;13;9;26;16;42;3.05;4;"Rain";237
2014-08-24;17;12;8;12;9;6;100;84;51;1016;1014;1012;31;14;10;34;11;40;3.05;2;"Rain";255
2014-08-25;17;11;6;11;8;6;100;80;41;1016;1013;1011;31;13;8;26;8;NA;0;3;"Fog-Rain";262
2014-08-26;19;11;3;10;7;4;100;75;38;1011;1009;1007;31;12;10;13;5;NA;0;3;"Fog";352
2014-08-27;22;14;6;12;9;7;100;74;28;1017;1014;1010;31;9;0;23;6;NA;0;4;"Fog";319
2014-08-28;23;15;7;12;8;6;100;64;24;1018;1016;1014;31;17;10;19;6;NA;0;3;"Fog";149
2014-08-29;21;18;14;17;13;9;100;74;43;1014;1013;1012;31;13;5;26;11;NA;3.05;5;"Fog-Rain";212
2014-08-30;19;16;13;16;14;13;100;89;68;1015;1014;1012;26;13;5;29;11;NA;4.06;5;"Fog-Rain";206
2014-08-31;18;16;13;15;13;12;100;89;60;1014;1012;1011;31;12;4;21;10;NA;7.11;5;"Fog-Rain";270
2014-09-01;19;14;9;16;14;9;100;96;82;1019;1017;1014;19;5;0;19;6;NA;0.76;7;"Fog-Rain";281
2014-09-02;21;18;13;16;13;11;100;78;45;1026;1022;1019;18;9;3;21;11;NA;0;4;"Rain";54
2014-09-03;22;15;8;13;11;9;100;75;41;1027;1026;1024;31;14;10;21;13;NA;0;1;"Fog";63
2014-09-04;23;17;10;13;12;10;100;73;35;1026;1023;1020;31;22;10;23;13;NA;0;NA;"Fog";72
2014-09-05;26;19;12;17;15;12;94;75;48;1020;1016;1013;31;18;10;14;10;NA;0;4;"";96
2014-09-06;26;20;14;19;16;14;100;78;50;1014;1012;1011;19;11;6;13;6;NA;0;4;"Fog-Rain-Thunderstorm";92
2014-09-07;21;18;13;18;16;13;100;89;67;1015;1013;1011;19;7;0;19;6;NA;0;6;"Fog-Rain";286
2014-09-08;20;15;10;14;12;8;100;80;38;1017;1016;1015;31;13;0;26;8;NA;0;4;"Fog";259
2014-09-09;18;14;11;15;12;11;100;88;67;1018;1017;1015;31;13;9;26;14;NA;3.05;5;"Rain";261
2014-09-10;21;16;12;15;13;11;100;84;51;1018;1017;1016;31;13;8;23;11;NA;1.02;5;"Fog-Rain";300
2014-09-11;20;15;10;14;12;10;100;82;50;1022;1019;1016;31;13;10;23;11;39;0;3;"Fog-Rain";28
2014-09-12;22;15;8;14;13;9;100;83;49;1024;1022;1021;31;11;1;26;11;NA;0;2;"Fog";24
2014-09-13;21;16;11;15;13;11;100;87;58;1025;1024;1023;26;9;3;23;11;NA;0;5;"Fog-Rain";3
2014-09-14;19;17;14;16;15;14;100;88;66;1025;1021;1020;31;11;4;13;8;NA;0;6;"Rain";15
2014-09-15;24;19;14;17;16;13;100;84;44;1021;1019;1018;26;9;5;23;11;NA;0;4;"Fog-Rain-Thunderstorm";70
2014-09-16;24;18;12;16;14;12;100;78;53;1020;1019;1017;26;13;10;26;13;NA;0;2;"Fog";81
2014-09-17;23;18;13;15;13;12;94;74;46;1019;1017;1015;26;20;10;26;14;NA;0;5;"";73
2014-09-18;23;17;11;14;13;12;100;74;41;1015;1014;1013;27;13;10;24;11;NA;0;1;"Fog";88
2014-09-19;24;19;13;16;14;12;94;75;48;1014;1013;1012;31;14;10;14;8;NA;0;2;"";87
2014-09-20;24;18;12;16;14;12;100;81;42;1014;1013;1012;31;12;6;11;5;NA;0;4;"Fog";21
2014-09-21;19;17;14;16;12;9;100;80;47;1013;1012;1011;23;9;1;32;14;NA;0;4;"Fog-Rain";302
2014-09-22;14;12;10;10;7;4;82;64;41;1018;1013;1010;31;12;10;37;26;52;0;4;"Rain";312
2014-09-23;16;9;3;9;7;3;100;72;43;1020;1018;1016;31;13;10;21;11;NA;0;3;"Fog";271
2014-09-24;16;13;11;11;9;8;90;73;49;1016;1011;1007;31;12;5;26;16;NA;0;7;"Rain";218
2014-09-25;16;13;11;12;11;8;100;81;47;1017;1013;1008;31;11;5;35;16;50;0;6;"Rain";261
2014-09-26;17;14;12;16;14;11;100;92;74;1022;1018;1016;31;9;3;23;16;45;1.02;6;"Rain";256
2014-09-27;18;12;7;13;9;7;100;82;46;1028;1026;1023;31;13;10;21;8;NA;0;2;"Fog";278
2014-09-28;20;13;7;12;10;7;100;79;42;1027;1025;1022;31;18;10;11;5;NA;0;6;"Fog";139
2014-09-29;22;16;9;16;13;9;100;82;54;1023;1022;1021;26;12;9;13;5;NA;0;6;"Fog-Rain";71
2014-09-30;19;17;15;16;15;14;100;92;72;1025;1023;1021;19;7;3;16;6;NA;4.06;6;"Rain";239
2014-10-01;20;16;11;16;14;11;100;90;59;1027;1025;1022;13;6;0;14;6;NA;0;6;"Fog-Rain";242
2014-10-02;19;16;13;16;15;13;100;92;62;1029;1028;1024;11;6;2;13;5;NA;0;6;"Fog-Rain";243
2014-10-03;22;18;15;16;14;12;100;78;46;1028;1026;1024;19;9;5;19;10;NA;0;4;"";146
2014-10-04;21;16;10;12;10;7;100;71;34;1024;1020;1017;26;14;6;26;16;NA;0;NA;"";132
2014-10-05;18;13;8;11;9;7;93;75;47;1019;1017;1016;26;16;10;21;14;NA;0;6;"";113
2014-10-06;18;14;10;12;9;7;94;74;45;1018;1015;1010;26;13;6;26;16;NA;0;5;"";107
2014-10-07;16;13;11;13;10;7;100;81;52;1011;1004;999;26;10;3;29;23;58;7.87;6;"Rain";149
2014-10-08;15;12;9;13;10;7;94;82;55;1009;1006;1002;31;14;8;27;21;NA;1.02;6;"Rain";178
2014-10-09;18;16;14;15;13;11;100;82;54;1008;1004;1001;31;13;10;29;18;NA;0;6;"Rain";195
2014-10-10;18;14;11;13;11;9;100;79;46;1016;1012;1008;31;16;10;34;18;NA;0;6;"Fog";214
2014-10-11;18;13;9;14;12;8;100;85;60;1016;1013;1011;26;12;9;19;6;NA;3.05;5;"Fog-Rain-Thunderstorm";126
2014-10-12;16;13;10;14;11;8;100;85;53;1015;1013;1011;26;11;5;14;11;NA;0;5;"Fog-Rain-Thunderstorm";237
2014-10-13;14;11;9;14;12;8;100;95;82;1013;1008;1005;31;6;1;23;11;NA;0.76;7;"Fog-Rain";81
2014-10-14;17;14;12;14;12;9;100;86;47;1008;1007;1006;31;6;0;19;6;NA;0;5;"Fog-Rain";202
2014-10-15;15;13;12;12;11;9;94;82;71;1007;1005;1004;31;12;8;21;10;NA;0.76;6;"Rain";194
2014-10-16;14;12;11;13;12;11;100;90;72;1006;1004;1004;14;7;3;14;10;NA;0;7;"Rain";187
2014-10-17;17;14;11;13;12;11;100;91;68;1017;1010;1005;19;8;3;24;10;NA;0;5;"Fog-Rain";239
2014-10-18;17;13;8;14;12;9;100;90;64;1021;1019;1017;26;4;0;24;10;NA;0;5;"Fog";155
2014-10-19;22;18;14;16;14;12;88;77;55;1017;1012;1009;31;15;10;35;16;55;0;5;"Rain";217
2014-10-20;16;13;12;13;12;9;100;82;56;1012;1010;1009;26;12;6;29;19;52;14.99;5;"Rain";252
2014-10-21;13;11;10;11;11;9;100;92;81;1010;1002;994;26;11;4;26;18;NA;5.08;6;"Rain";216
2014-10-22;14;11;8;11;9;7;94;87;58;1017;1006;998;31;12;5;29;21;45;1.02;6;"Rain";294
2014-10-23;13;11;9;10;8;7;94;80;56;1022;1020;1017;31;13;10;26;13;NA;0;6;"Rain";247
2014-10-24;14;12;11;10;9;7;94;78;60;1022;1020;1017;31;15;10;24;16;NA;0;6;"Rain";186
2014-10-25;13;11;9;12;10;8;100;91;73;1020;1017;1016;26;9;3;21;16;NA;2.03;6;"Fog-Rain";193
2014-10-26;14;11;8;11;9;8;100;84;62;1024;1022;1020;31;12;5;26;14;NA;0;6;"Fog";216
2014-10-27;16;13;9;10;9;8;100;77;49;1024;1023;1022;31;18;10;29;18;NA;0;6;"Fog";206
2014-10-28;14;10;6;9;7;5;100;86;54;1023;1019;1014;26;12;6;23;13;NA;0;6;"Fog";159
2014-10-29;9;7;4;9;7;3;100;95;85;1021;1016;1013;13;4;1;23;11;40;0.76;7;"Fog-Rain";233
2014-10-30;11;6;1;9;6;1;100;93;70;1025;1024;1021;11;7;0;19;8;NA;0;6;"Fog-Rain";135
2014-10-31;16;13;9;13;11;9;100;91;68;1024;1022;1021;26;9;3;18;11;NA;0;7;"Fog-Rain";166
2014-11-01;19;14;8;13;11;8;100;85;46;1021;1019;1016;31;11;0;16;8;NA;0;NA;"Fog";162
2014-11-02;17;13;9;12;11;9;100;85;59;1016;1012;1006;31;15;9;23;11;NA;0;5;"Fog-Rain";175
2014-11-03;16;14;12;12;11;9;94;76;52;1006;1000;994;26;13;10;34;21;50;0.25;6;"Rain";185
2014-11-04;12;10;9;11;9;8;100;83;55;998;995;991;26;11;5;34;21;NA;2.03;7;"Rain";219
2014-11-05;9;9;8;9;8;7;100;95;85;1006;1001;997;26;9;3;14;10;NA;3.05;7;"Rain";323
2014-11-06;12;9;6;8;7;5;100;90;71;1012;1009;1005;26;9;5;24;10;NA;0;5;"Fog-Rain";246
2014-11-07;9;6;3;6;4;3;100;86;64;1011;1007;1004;26;10;2;26;13;NA;0.51;4;"Fog-Rain";146
2014-11-08;12;9;6;8;6;4;93;85;63;1012;1010;1006;31;15;10;29;18;NA;0;2;"";172
2014-11-09;12;8;3;7;6;3;100;88;64;1012;1010;1009;31;17;5;21;14;NA;0;5;"";132
2014-11-10;10;8;5;9;7;4;100;95;87;1011;1010;1009;14;8;3;14;11;NA;0.51;6;"Rain";155
2014-11-11;11;7;3;8;7;4;100;93;72;1013;1011;1007;19;7;0;23;11;NA;0;5;"Fog";115
2014-11-12;11;9;8;10;9;8;100;96;88;1008;1006;1005;7;4;2;23;14;NA;0;7;"Rain";98
2014-11-13;11;10;9;10;9;9;100;93;82;1016;1013;1008;10;7;6;11;5;NA;0;7;"Fog-Rain";257
2014-11-14;12;11;9;10;9;8;96;90;77;1016;1012;1009;8;6;5;29;14;47;0;7;"";106
2014-11-15;11;10;9;9;8;8;94;87;80;1010;1006;1004;8;6;5;29;23;NA;0;7;"";102
2014-11-16;9;8;7;9;8;6;100;92;82;1005;1002;1001;8;6;3;26;18;NA;3.05;7;"Rain";94
2014-11-17;11;8;4;8;7;5;100;92;73;1013;1009;1004;31;10;6;19;11;NA;0;4;"Fog";94
2014-11-18;8;7;6;7;6;5;93;90;84;1015;1013;1012;14;8;6;24;16;NA;0;7;"Rain";68
2014-11-19;7;7;6;6;6;4;100;89;78;1027;1021;1015;14;9;5;14;8;NA;0;8;"Rain";55
2014-11-20;9;4;-1;7;4;-1;100;94;74;1029;1028;1027;19;9;3;13;5;NA;0;4;"Fog-Rain";331
2014-11-21;3;0;-2;3;1;-2;100;100;97;1028;1026;1025;6;1;0;8;3;NA;0;5;"Fog";42
2014-11-22;6;3;1;5;3;2;100;90;72;1025;1022;1020;26;10;0;24;13;NA;2.03;6;"Fog-Rain";116
2014-11-23;9;7;4;6;4;3;93;86;79;1021;1019;1014;19;12;6;26;18;NA;0;6;"Rain";140
2014-11-24;10;8;6;9;7;5;100;87;64;1025;1019;1012;31;11;5;26;16;NA;3.05;5;"Rain";244
2014-11-25;6;3;0;6;4;0;100;100;93;1028;1027;1025;26;1;0;13;5;NA;0;7;"Fog";116
2014-11-26;6;3;2;3;2;2;100;91;71;1027;1022;1018;19;10;0;32;18;NA;0;6;"Fog";115
2014-11-27;4;3;2;2;1;-1;93;82;68;1019;1015;1013;26;11;6;29;23;42;0;5;"";112
2014-11-28;2;1;1;0;-1;-3;87;78;66;1021;1018;1015;26;11;8;32;24;50;0;6;"";100
2014-11-29;1;0;-1;-2;-2;-3;93;80;67;1022;1021;1019;16;9;6;29;23;42;0;7;"";99
2014-11-30;0;-1;-2;-2;-3;-3;93;88;70;1020;1018;1016;10;7;6;24;19;NA;0;7;"";102
2014-12-01;-2;-3;-4;-2;-4;-7;93;83;69;1020;1019;1018;11;9;6;29;21;NA;0;6;"";98
2014-12-02;-3;-3;-4;-5;-6;-7;93;83;72;1021;1019;1017;10;8;6;21;14;NA;0;8;"";96
2014-12-03;-2;-3;-4;-2;-4;-5;100;91;79;1025;1023;1021;8;5;3;14;10;NA;0;7;"Rain";79
2014-12-04;2;0;-3;2;-1;-3;100;91;80;1025;1020;1017;8;6;3;14;10;NA;2.03;7;"Rain";81
2014-12-05;4;2;1;2;2;1;100;93;84;1018;1017;1016;11;6;2;18;8;NA;0;7;"Fog-Rain";213
2014-12-06;7;4;1;5;3;1;100;94;75;1024;1021;1017;19;6;0;16;11;NA;0;6;"Fog-Rain";235
2014-12-07;6;3;0;4;3;1;100;92;72;1023;1016;1010;11;7;0;35;18;50;1.02;6;"Fog-Rain";213
2014-12-08;5;3;1;4;2;0;100;88;77;1017;1013;1011;31;14;10;26;16;NA;0;5;"Rain";235
2014-12-09;4;3;2;2;2;0;100;89;72;1027;1023;1017;18;9;5;32;16;45;0;6;"";224
2014-12-10;7;4;2;5;2;-1;93;83;60;1022;1011;1008;31;12;5;40;29;69;3.05;5;"Rain";216
2014-12-11;6;4;2;3;2;1;93;84;77;1008;1002;999;31;14;10;37;26;55;0.25;5;"Rain";224
2014-12-12;9;6;2;7;4;1;100;87;70;1002;994;988;31;12;7;50;29;71;7.11;6;"Rain";224
2014-12-13;5;3;1;3;2;0;100;85;70;1013;1005;997;31;15;8;26;21;NA;0;3;"Fog";238
2014-12-14;4;2;0;2;1;0;100;89;74;1015;1014;1012;16;8;3;29;18;NA;0;5;"Fog";209
2014-12-15;5;3;2;4;2;-1;100;87;61;1012;1009;1006;19;9;5;35;24;48;2.03;7;"Rain";219
2014-12-16;6;4;2;4;3;1;93;89;77;1011;1007;1005;18;9;6;32;19;50;0.51;6;"Rain";236
2014-12-17;8;4;1;7;3;-1;100;94;80;1009;1003;999;31;9;3;27;18;NA;4.06;6;"Rain";206
2014-12-18;12;8;4;11;9;6;100;95;91;1006;1004;1002;31;7;2;29;18;47;0.76;6;"Rain";235
2014-12-19;11;8;4;11;7;3;100;89;69;1010;1004;1001;31;10;5;32;24;53;12.95;5;"Rain";254
2014-12-20;7;4;2;4;3;1;100;80;63;1015;1009;1005;31;12;6;40;27;72;9.91;4;"Rain-Snow-Thunderstorm";266
2014-12-21;8;6;4;7;4;3;100;88;76;1023;1018;1011;31;10;4;32;23;52;0.25;6;"Rain-Hail";247
2014-12-22;12;9;6;11;9;6;100;94;82;1011;1007;1005;18;6;3;37;32;64;23.11;7;"Rain";254
2014-12-23;10;9;9;10;9;8;100;94;87;1010;1008;1007;9;5;3;35;27;60;6.1;7;"Rain";251
2014-12-24;9;7;4;9;6;2;100;89;69;1012;1008;1005;19;7;3;37;27;55;5.08;5;"Rain";250
2014-12-25;6;3;1;4;2;-1;96;86;53;1025;1015;1010;31;11;5;34;26;58;5.08;6;"Rain-Snow";277
2014-12-26;0;-2;-4;-1;-3;-5;100;91;65;1028;1026;1020;31;15;6;21;8;NA;0;5;"Fog";242
2014-12-27;-1;-3;-5;-1;-4;-7;100;85;63;1021;1012;1009;31;14;6;24;14;NA;0;7;"";95
2014-12-28;1;-4;-9;0;-5;-9;100;89;67;1028;1024;1016;31;16;10;19;8;NA;0.25;4;"Snow";303
2014-12-29;1;-2;-4;2;-1;-3;100;88;63;1033;1028;1022;31;11;3;21;14;NA;2.03;6;"Rain-Snow";303
2014-12-30;5;2;-1;4;3;1;100;91;75;1031;1030;1028;31;12;3;19;11;NA;0;6;"Rain";277
2014-12-31;7;5;3;7;5;3;100;96;87;1032;1030;1028;11;6;1;21;11;NA;0.25;7;"Rain";262
2015-01-01;5;3;2;3;1;-1;93;84;65;1032;1028;1018;14;9;4;35;21;47;0;6;"";230
2015-01-02;9;6;3;7;3;1;93;79;56;1021;1016;1011;31;12;6;47;35;77;2.03;6;"Rain-Hail";255
2015-01-03;6;4;3;3;2;0;94;81;60;1023;1016;1011;31;14;8;39;26;61;6.1;5;"Rain-Hail";261
2015-01-04;6;4;2;3;2;1;93;84;63;1030;1024;1015;31;12;10;29;18;NA;0;2;"Rain";282
2015-01-05;4;3;3;3;2;1;93;88;80;1030;1028;1027;31;12;6;23;14;NA;0;7;"Rain";253
2015-01-06;4;2;1;2;1;-1;93;85;65;1027;1023;1019;31;10;6;26;13;NA;0;7;"";168
2015-01-07;6;3;1;5;3;-1;100;89;71;1024;1022;1019;31;12;5;29;14;NA;0;6;"Rain";234
2015-01-08;7;4;3;6;4;1;100;92;76;1022;1016;1013;26;9;3;34;26;NA;8.89;6;"Rain";233
2015-01-09;9;7;5;7;4;3;93;82;65;1019;1008;1002;26;11;3;60;32;106;7.11;6;"Rain-Thunderstorm";254
2015-01-10;12;9;5;11;6;0;100;82;52;1005;1000;993;31;10;3;52;29;84;5.08;6;"Rain";258
2015-01-11;6;3;2;4;2;0;93;81;64;1012;1006;1002;26;12;3;43;32;66;7.11;6;"Rain-Hail-Thunderstorm";264
2015-01-12;9;7;4;8;6;4;100;89;76;1012;1007;1004;19;10;6;37;27;63;2.03;6;"Rain";237
2015-01-13;9;7;5;8;7;4;100;93;87;1006;1002;999;31;9;3;40;23;58;9.91;6;"Rain";230
2015-01-14;5;3;1;5;2;1;100;87;69;1010;1004;1001;31;13;8;34;24;52;3.05;6;"Rain-Snow";234
2015-01-15;10;6;1;7;4;0;93;85;73;1011;999;993;31;15;10;39;26;61;2.03;6;"Rain";187
2015-01-16;7;6;4;6;2;1;87;75;61;1006;1002;996;31;19;10;39;27;NA;0;3;"";218
2015-01-17;5;2;0;2;0;-1;100;84;60;1015;1011;1005;31;17;10;23;14;NA;0;2;"";231
2015-01-18;2;1;0;1;0;-2;94;85;70;1015;1013;1012;31;12;6;26;16;NA;0.51;7;"Rain-Snow";197
2015-01-19;2;0;-1;1;-1;-2;100;88;79;1014;1012;1011;31;13;6;14;8;NA;0;7;"Rain-Snow";153
2015-01-20;1;0;-2;0;-1;-2;100;95;82;1014;1012;1010;11;5;1;14;5;NA;0;7;"Snow";331
2015-01-21;0;-2;-4;0;-2;-4;100;97;79;1019;1016;1013;7;3;0;14;5;NA;0;7;"Fog";121
2015-01-22;1;-1;-4;0;-2;-4;100;92;82;1024;1021;1018;19;8;5;14;11;NA;0;6;"";31
2015-01-23;0;-2;-4;-1;-3;-4;100;93;81;1027;1025;1023;10;6;1;23;8;NA;0;7;"Fog-Rain-Snow";252
2015-01-24;1;-1;-3;1;-2;-4;100;92;75;1024;1018;1015;26;8;1;26;16;NA;1.02;6;"Fog-Snow";208
2015-01-25;3;1;-2;3;1;-2;100;97;90;1026;1024;1021;31;11;0;14;8;NA;0.25;5;"Fog-Rain-Snow";251
2015-01-26;6;3;2;5;3;2;100;96;87;1025;1016;1010;14;5;1;27;16;42;6.1;7;"Fog-Rain";225
2015-01-27;6;4;2;3;2;1;100;87;67;1018;1015;1012;31;15;3;29;19;NA;0;4;"Rain";288
2015-01-28;6;3;2;3;3;0;100;90;75;1017;1002;987;31;8;3;40;23;58;5.08;7;"Rain";220
2015-01-29;3;2;1;1;0;-1;93;84;72;988;982;973;31;13;3;40;31;58;0;6;"Rain-Snow";209
2015-01-30;2;1;-1;1;-1;-2;100;87;71;976;974;972;26;12;5;14;10;NA;0;6;"Snow";19
2015-01-31;3;0;-3;0;-1;-4;100;88;63;984;979;976;14;9;0;13;6;NA;0;6;"Fog-Snow";319
2015-02-01;1;-2;-4;1;-1;-5;100;98;91;991;987;984;10;5;0;23;8;NA;1.02;6;"Fog-Snow";248
2015-02-02;4;2;0;2;-1;-3;100;87;59;996;993;991;31;13;5;24;14;NA;0.76;5;"Rain-Snow";266
2015-02-03;1;-1;-2;0;-2;-4;100;90;66;1007;1001;996;26;9;2;21;11;NA;0.25;6;"Fog-Snow";303
2015-02-04;1;-2;-5;-3;-4;-5;100;83;66;1019;1013;1008;31;15;10;14;10;NA;0;4;"Snow";311
2015-02-05;2;-1;-4;-1;-2;-4;100;88;61;1031;1024;1019;31;11;6;14;8;NA;0;5;"Fog-Snow";13
2015-02-06;2;-2;-6;-1;-3;-6;100;93;69;1033;1032;1031;31;10;0;11;6;NA;0;4;"Fog";20
2015-02-07;5;0;-4;5;1;-4;100;93;61;1032;1026;1019;26;8;2;50;13;74;0;6;"Rain";276
2015-02-08;5;3;1;4;-3;-11;93;63;20;1028;1024;1019;31;14;6;50;29;58;0.51;5;"Rain";317
2015-02-09;6;4;2;5;4;4;100;91;83;1024;1021;1019;26;9;4;35;27;60;0.51;7;"Rain";298
2015-02-10;7;6;4;5;4;3;93;87;75;1030;1027;1024;31;14;9;26;19;NA;0;7;"Rain";301
2015-02-11;4;2;-1;3;2;-1;100;88;75;1030;1027;1024;26;12;10;14;8;NA;0;7;"";216
2015-02-12;2;1;0;1;0;-1;100;90;79;1025;1023;1021;11;7;6;16;10;NA;0;8;"Rain";193
2015-02-13;2;1;-1;1;0;-1;100;93;83;1022;1017;1013;8;6;3;19;13;NA;0;7;"Rain";158
2015-02-14;9;3;-2;2;0;-2;100;83;45;1016;1013;1012;19;8;3;16;10;NA;0;7;"";88
2015-02-15;4;2;-1;1;0;-2;100;87;71;1022;1019;1016;7;6;3;26;18;NA;0;6;"Rain";73
2015-02-16;3;1;-1;0;-1;-2;100;85;68;1024;1022;1021;8;6;5;29;16;NA;0;7;"";117
2015-02-17;4;1;-3;3;0;-3;100;91;78;1038;1030;1023;7;5;2;18;13;NA;0;5;"Fog-Rain";206
2015-02-18;6;3;-1;2;1;-1;100;87;48;1039;1037;1032;31;6;0;26;14;NA;0;7;"Fog";227
2015-02-19;7;3;-1;1;0;-2;100;81;52;1032;1025;1018;26;9;6;34;21;NA;0;2;"";220
2015-02-20;6;3;1;5;2;-2;100;83;64;1019;1009;999;14;9;5;37;26;47;1.02;6;"Rain";205
2015-02-21;6;4;2;5;3;1;100;93;86;1001;995;990;31;10;6;34;18;58;4.06;6;"Rain";219
2015-02-22;6;4;2;2;1;-2;93;80;54;1008;1005;1001;26;14;10;27;18;NA;0;4;"";220
2015-02-23;4;3;1;3;1;-2;100;84;54;1002;994;992;31;12;5;34;26;50;0.51;6;"Rain-Snow";189
2015-02-24;7;4;2;4;2;0;93;84;64;1010;1001;995;31;14;8;40;23;50;2.03;4;"Rain";208
2015-02-25;7;4;1;3;2;-1;100;81;46;1019;1015;1010;31;13;9;26;16;NA;1.02;4;"Rain";210
2015-02-26;8;6;3;3;2;0;93;76;50;1020;1016;1010;31;13;10;32;14;NA;0;5;"Rain";165
2015-02-27;6;4;1;5;2;0;100;87;60;1018;1012;1009;31;12;6;21;14;NA;6.1;6;"Rain";217
2015-02-28;7;3;-1;2;0;-2;100;79;51;1019;1016;1008;31;14;10;29;11;42;0;3;"";212
2015-03-01;9;6;3;6;2;-2;100;81;54;1009;999;997;31;12;6;35;23;72;4.06;6;"Rain";206
2015-03-02;7;3;1;4;2;-1;100;82;52;1005;998;991;31;12;6;37;23;58;4.06;5;"Rain-Snow";245
2015-03-03;6;3;1;2;1;-1;100;85;52;1014;1011;1005;31;11;3;32;23;48;6.1;5;"Rain-Snow";246
2015-03-04;6;3;1;3;2;-1;93;87;72;1025;1017;1013;31;14;10;32;18;64;2.03;5;"Rain-Snow-Hail-Thunderstorm";254
2015-03-05;8;4;1;4;2;0;100;83;55;1034;1032;1026;31;13;10;26;16;NA;0;5;"";282
2015-03-06;9;7;4;5;3;3;88;78;61;1034;1032;1031;31;13;10;21;13;NA;0;6;"Rain";242
2015-03-07;12;9;5;3;2;0;81;62;34;1032;1027;1023;31;21;10;35;23;48;0;7;"";215
2015-03-08;17;11;4;5;2;0;93;56;25;1024;1022;1019;31;27;7;27;18;NA;0;8;"";232
2015-03-09;11;8;4;6;4;1;100;79;39;1028;1025;1022;31;9;5;16;10;NA;0;6;"Fog-Rain";249
2015-03-10;11;8;3;8;4;3;100;81;49;1029;1025;1022;31;11;2;26;14;NA;0;4;"Rain";266
2015-03-11;11;6;1;4;3;0;100;80;43;1032;1029;1027;31;14;7;23;14;NA;0;4;"Fog";299
2015-03-12;10;3;-3;3;0;-3;100;79;34;1034;1033;1031;19;8;0;21;10;NA;0;2;"Fog";53
2015-03-13;6;2;-2;2;-1;-2;93;77;50;1033;1030;1029;31;11;10;29;13;NA;0;5;"";67
2015-03-14;6;4;3;4;2;1;93;84;70;1032;1030;1029;31;13;9;26;18;NA;0;6;"Rain";51
2015-03-15;7;5;3;3;3;2;93;81;66;1033;1031;1031;26;12;10;26;19;NA;0;7;"Rain";70
2015-03-16;13;9;4;5;3;3;87;67;40;1031;1029;1027;26;15;10;34;23;50;0;4;"";94
2015-03-17;15;10;6;6;4;3;87;68;42;1029;1028;1026;14;14;11;23;16;35;0;NA;"";99
2015-03-18;14;10;5;5;2;-5;87;56;32;1028;1027;1026;27;22;14;21;11;NA;0;NA;"";109
2015-03-19;14;8;1;1;-4;-6;81;42;15;1029;1028;1027;31;23;11;19;8;NA;0;NA;"";77
2015-03-20;6;2;-3;3;1;-2;100;87;68;1028;1023;1017;19;8;1;23;6;NA;0;7;"Fog";293
2015-03-21;6;4;3;5;3;-1;100;89;71;1026;1016;1012;31;10;5;32;14;52;1.02;7;"Rain";330
2015-03-22;6;2;-2;-2;-6;-7;70;53;32;1031;1027;1023;31;14;10;32;18;NA;0;4;"Rain";110
2015-03-23;10;4;-2;2;-1;-5;93;65;40;1024;1016;1011;31;13;7;21;11;NA;0;6;"";211
2015-03-24;9;4;1;3;1;-1;100;76;38;1011;1009;1008;31;9;5;14;5;NA;0;6;"Fog";267
2015-03-25;14;7;0;5;2;-2;93;68;33;1010;1007;1004;16;8;3;29;11;42;0;7;"";99
2015-03-26;7;6;4;6;2;0;93;76;49;1007;1006;1004;31;12;5;21;14;NA;0;7;"Rain";249
2015-03-27;8;7;4;6;4;3;94;85;65;1019;1011;1006;31;10;6;26;16;NA;0.25;6;"Rain";238
2015-03-28;11;8;4;8;3;-1;93;75;38;1021;1015;1003;31;11;6;27;16;NA;0;6;"Rain";211
2015-03-29;10;8;5;10;7;4;100;91;73;1004;993;979;31;10;3;42;24;64;6.1;7;"Rain";227
2015-03-30;7;6;3;5;3;0;93;80;54;1003;993;983;31;13;9;58;34;82;4.06;6;"Rain-Hail";278
2015-03-31;8;4;1;6;3;-1;100;84;63;1002;989;980;31;11;5;66;31;101;9.91;6;"Rain-Snow";248
2015-04-01;8;4;2;3;1;-6;93;74;33;1010;1005;998;31;12;8;52;27;77;1.02;4;"Rain-Snow-Hail";280
2015-04-02;7;3;0;2;1;-4;100;78;39;1016;1008;1004;31;11;5;43;19;61;0;4;"Rain-Snow-Hail";287
2015-04-03;8;4;0;1;-1;-2;87;65;38;1018;1017;1016;10;10;10;32;16;48;0;4;"Rain";291
2015-04-04;10;3;-3;2;-2;-6;100;67;21;1021;1018;1017;31;16;9;16;6;NA;0;5;"";341
2015-04-05;11;3;-4;1;-3;-7;100;64;20;1025;1024;1021;31;14;10;26;10;NA;0;1;"";307
2015-04-06;11;7;3;3;-1;-6;93;61;23;1035;1029;1025;31;14;10;23;10;NA;0;3;"Rain";21
2015-04-07;10;4;-2;6;2;-3;100;80;54;1035;1033;1031;31;15;7;26;8;NA;0;6;"Rain";278
2015-04-08;13;9;5;7;6;4;100;84;55;1033;1031;1030;31;12;3;23;16;NA;0;6;"Rain";291
2015-04-09;16;9;3;6;3;-1;100;69;27;1033;1029;1025;31;10;0;14;6;NA;0;5;"Fog";259
2015-04-10;19;11;2;9;6;1;93;67;33;1025;1021;1017;31;14;9;14;5;NA;0;1;"";99
2015-04-11;19;12;6;10;7;3;93;71;32;1022;1015;1013;31;14;9;45;14;72;1.02;5;"Fog-Rain";207
2015-04-12;14;9;4;5;2;1;87;61;31;1028;1024;1016;31;17;10;39;23;NA;0;5;"";231
2015-04-13;11;8;4;6;2;-1;87;65;35;1029;1025;1016;19;10;10;48;32;74;0;4;"Rain";284
2015-04-14;16;9;2;9;4;1;100;76;48;1029;1023;1019;31;18;10;29;13;47;0;7;"Rain";246
2015-04-15;21;14;8;9;7;2;87;67;21;1019;1014;1010;26;13;10;39;19;60;0;3;"Rain";262
2015-04-16;11;8;4;7;3;1;93;70;44;1016;1015;1013;31;13;10;29;18;42;0;3;"";294
2015-04-17;13;8;2;5;1;-3;100;66;25;1023;1017;1015;26;11;10;26;11;48;0;2;"Fog-Rain";329
2015-04-18;13;6;-1;4;1;-2;93;65;27;1028;1025;1023;10;10;10;27;11;NA;0;3;"Fog";323
2015-04-19;15;9;4;4;3;0;93;65;26;1025;1023;1022;10;10;10;14;8;NA;0;3;"";261
2015-04-20;18;9;0;5;2;-1;100;61;20;1028;1027;1025;31;22;10;21;8;NA;0;NA;"Fog";341
2015-04-21;16;10;3;7;4;2;93;70;33;1029;1028;1027;31;16;10;34;13;NA;0;3;"Fog";298
2015-04-22;16;11;7;7;4;2;87;64;29;1028;1025;1022;31;13;10;26;16;NA;0;5;"Rain";312
2015-04-23;14;10;5;8;6;4;95;80;46;1023;1019;1016;31;10;6;21;13;NA;0;6;"";282
2015-04-24;18;12;6;9;6;3;100;71;28;1016;1012;1008;26;9;2;21;11;NA;0;7;"Rain";246
2015-04-25;15;11;8;11;8;4;94;78;51;1008;1006;1005;19;9;5;26;10;NA;1.02;7;"Rain";202
2015-04-26;14;11;7;12;9;6;100;91;76;1007;1006;1005;19;9;3;29;11;NA;6.1;6;"Rain";246
2015-04-27;12;9;4;6;3;-1;100;72;34;1010;1007;1005;31;11;8;26;11;40;0.25;6;"Rain";346
2015-04-28;12;4;-2;3;-1;-4;100;66;23;1018;1013;1010;31;11;5;32;10;NA;0;4;"Fog-Rain";299
2015-04-29;13;7;1;3;-1;-3;93;55;19;1020;1017;1013;10;10;10;32;16;NA;0;2;"Fog-Rain";210
2015-04-30;13;9;5;7;4;-1;93;68;34;1014;1011;1008;31;12;8;23;13;40;3.05;4;"Rain";223
2015-05-01;12;8;3;5;3;2;100;74;41;1009;1007;1006;31;12;10;23;11;NA;0;3;"Rain";257
2015-05-02;12;7;2;5;3;1;95;69;38;1013;1011;1009;31;13;10;23;8;34;0;4;"";302
2015-05-03;18;10;2;13;4;0;100;65;24;1013;1007;1000;31;17;5;34;14;47;0.25;7;"Rain";109
2015-05-04;19;16;12;14;11;9;100;74;43;1009;1006;1000;26;11;6;34;19;NA;0;4;"Rain";238
2015-05-05;24;18;12;16;12;5;94;75;42;1008;1001;997;31;12;1;50;19;84;13.97;5;"Rain-Thunderstorm";169
2015-05-06;18;13;8;9;6;3;87;62;28;1011;1009;1008;31;17;9;42;19;66;0.25;2;"Rain";207
2015-05-07;14;11;8;9;6;5;93;71;47;1019;1013;1009;31;13;10;32;24;52;1.02;4;"Rain";255
2015-05-08;17;10;3;9;7;3;100;75;48;1020;1018;1016;31;14;10;19;6;NA;0;5;"Fog-Rain";83
2015-05-09;17;13;9;13;9;7;94;77;50;1016;1014;1012;31;14;9;29;14;50;4.06;6;"Rain";193
2015-05-10;13;9;6;8;5;-1;87;70;30;1028;1023;1015;31;13;9;32;23;52;0;6;"Rain";282
2015-05-11;23;14;6;10;6;2;81;54;27;1028;1022;1017;NA;NA;NA;34;14;NA;0;NA;"";159
2015-05-12;21;16;9;13;9;4;94;72;41;1017;1014;1011;31;16;10;42;13;61;0.25;5;"Fog-Rain";261
2015-05-13;15;11;8;8;6;4;87;66;37;1017;1016;1013;10;10;10;35;21;53;0;4;"Rain";272
2015-05-14;12;10;8;7;6;4;93;76;58;1014;1013;1012;31;11;10;26;14;NA;0;7;"Rain";291
2015-05-15;13;9;5;5;4;2;87;66;45;1020;1016;1014;10;10;10;19;11;NA;0;5;"";307
2015-05-16;12;8;3;10;6;2;94;84;69;1021;1019;1017;31;13;5;29;13;NA;0;6;"Rain";245
2015-05-17;14;10;6;7;5;2;93;71;37;1022;1021;1018;31;14;10;32;18;47;2.03;2;"Rain";265
2015-05-18;17;12;7;11;7;4;94;71;39;1019;1010;1002;31;16;5;23;11;NA;0.25;7;"Rain";199
2015-05-19;16;11;7;11;7;3;94;79;35;1008;1004;1001;31;13;5;37;16;53;1.02;4;"Rain";226
2015-05-20;14;10;6;8;6;4;93;72;43;1017;1012;1008;31;11;10;26;13;35;0;3;"Rain";239
2015-05-21;14;9;4;8;6;4;100;77;46;1026;1022;1017;31;12;10;26;11;NA;0.25;3;"Fog-Rain";260
2015-05-22;18;12;6;10;8;5;100;69;37;1026;1024;1021;31;13;10;21;6;NA;0;4;"Fog";249
2015-05-23;16;12;7;11;8;4;94;72;41;1022;1021;1020;26;10;8;23;11;37;0.51;6;"Rain";302
2015-05-24;18;10;2;7;5;2;100;65;27;1022;1019;1015;31;12;10;14;6;NA;0;2;"Fog";285
2015-05-25;15;11;7;11;7;4;94;76;46;1016;1014;1013;31;12;9;23;8;NA;0;6;"Fog-Rain";297
2015-05-26;14;10;6;9;6;4;93;72;40;1020;1016;1014;31;11;10;34;13;NA;0.51;4;"Rain";284
2015-05-27;16;11;7;8;6;2;93;68;32;1022;1020;1017;31;12;10;29;13;NA;0;5;"Rain";281
2015-05-28;16;11;7;12;7;4;94;69;45;1017;1012;1009;31;11;8;35;19;42;2.03;5;"Rain";229
2015-05-29;18;11;4;10;6;3;100;69;29;1013;1009;1003;31;12;10;32;13;NA;0.25;6;"Fog-Rain";203
2015-05-30;13;10;6;8;6;4;93;71;47;1014;1008;1003;31;11;10;35;21;60;2.03;4;"Rain";254
2015-05-31;18;12;5;13;7;4;93;70;40;1014;1011;1006;31;14;10;37;16;58;0;6;"Rain";202
2015-06-01;16;12;9;14;7;3;94;66;33;1017;1013;1005;31;12;5;42;21;82;0;5;"Rain";250
2015-06-02;19;14;9;14;9;4;82;67;44;1014;1009;1007;31;15;10;47;23;72;0;7;"Rain";198
2015-06-03;17;13;9;13;9;4;93;64;35;1026;1017;1009;31;13;10;40;24;58;0.25;3;"Rain";264
2015-06-04;21;12;4;10;6;2;100;62;21;1031;1028;1026;31;12;10;23;6;27;0;1;"Fog";41
2015-06-05;29;19;10;13;8;2;72;45;20;1027;1021;1016;NA;NA;NA;26;14;NA;0;NA;"";118
2015-06-06;22;16;9;16;11;1;78;58;27;1026;1020;1014;31;14;10;35;16;39;0;3;"Rain";273
2015-06-07;20;13;6;9;6;1;87;61;24;1030;1028;1026;10;10;10;29;11;NA;0;2;"";273
2015-06-08;17;11;4;9;6;4;100;68;30;1031;1029;1028;31;12;10;26;10;NA;0;4;"Fog";321
2015-06-09;17;10;3;9;6;3;100;68;37;1030;1029;1028;31;14;10;14;10;NA;0;4;"Fog";7
2015-06-10;21;13;6;10;5;-1;100;57;14;1030;1028;1025;31;12;10;16;8;29;0;1;"Fog";50
2015-06-11;23;13;4;12;6;1;93;55;17;1027;1023;1018;31;22;10;14;8;NA;0;NA;"Fog";5
2015-06-12;26;18;9;12;10;7;94;59;21;1019;1014;1010;31;26;10;23;10;34;0;1;"";74
2015-06-13;27;20;13;18;13;11;100;71;29;1010;1007;1005;31;12;3;27;8;47;7.11;6;"Fog-Rain-Thunderstorm";176
2015-06-14;16;13;11;15;11;6;100;80;59;1015;1010;1006;31;11;3;23;14;NA;0;6;"Fog-Rain";293
2015-06-15;16;10;4;6;5;3;93;63;35;1022;1019;1015;31;12;10;26;13;NA;0;5;"Fog";325
2015-06-16;16;12;9;6;6;3;76;62;37;1024;1023;1022;31;13;10;26;11;NA;0;5;"";303
2015-06-17;20;11;3;14;8;3;100;75;37;1025;1021;1014;31;14;6;29;10;NA;0.76;6;"Fog-Rain";231
2015-06-18;17;13;10;13;11;7;100;82;57;1014;1013;1011;31;12;5;32;16;NA;0.25;6;"Rain";275
2015-06-19;15;12;9;11;9;7;100;84;54;1014;1013;1012;31;13;8;29;16;NA;4.06;6;"Rain";275
2015-06-20;17;13;10;11;9;8;100;78;49;1019;1016;1014;31;12;10;35;16;NA;0;4;"Rain";297
2015-06-21;19;14;9;13;8;7;94;67;41;1019;1015;1010;31;13;10;19;10;NA;7.87;5;"Rain";234
2015-06-22;15;12;10;13;11;8;100;90;59;1010;1007;1004;31;11;6;23;11;NA;6.1;6;"Fog-Rain";251
2015-06-23;17;13;9;12;10;8;100;80;50;1012;1007;1003;26;10;6;27;11;NA;0;5;"Rain";280
2015-06-24;17;13;11;11;9;8;94;76;54;1020;1017;1012;31;14;7;27;18;39;0;6;"Rain";265
2015-06-25;22;17;12;14;12;9;94;72;39;1022;1021;1020;31;12;9;23;11;NA;0;5;"Rain";257
2015-06-26;21;17;13;14;13;10;94;70;41;1021;1019;1016;26;13;10;11;6;NA;0;7;"Rain";337
2015-06-27;22;18;14;16;13;10;94;75;45;1018;1014;1011;31;14;3;29;14;39;0;5;"Rain";261
2015-06-28;22;17;11;14;11;8;94;67;29;1022;1020;1019;31;14;10;29;14;40;0.51;4;"Rain";288
2015-06-29;23;19;15;14;13;11;94;67;38;1022;1020;1018;31;15;10;24;11;NA;0;4;"Rain";274
2015-06-30;23;17;10;13;11;9;100;64;34;1024;1023;1022;31;11;10;19;8;NA;0;1;"Fog";326
2015-07-01;28;20;11;13;10;7;88;51;17;1024;1023;1021;NA;NA;NA;26;13;NA;0;NA;"";102
2015-07-02;32;24;17;14;11;8;77;42;16;1023;1022;1021;NA;NA;NA;34;21;47;0;NA;"";115
2015-07-03;30;23;17;20;16;12;83;57;33;1025;1023;1021;26;11;10;26;13;29;2.03;4;"Rain";53
2015-07-04;36;27;18;21;17;10;94;56;13;1024;1019;1016;31;15;10;29;8;53;0;5;"Fog-Rain-Thunderstorm";62
2015-07-05;30;24;19;24;20;16;94;76;42;1019;1015;1010;14;8;3;29;8;NA;1.02;6;"Rain-Thunderstorm";242
2015-07-06;23;19;14;19;13;9;89;67;33;1019;1017;1013;11;10;10;34;18;48;0;4;"Rain";275
2015-07-07;28;19;11;18;13;8;94;65;21;1018;1011;1002;31;15;8;19;6;NA;0.25;5;"Fog-Rain-Thunderstorm";166
2015-07-08;19;17;14;16;13;10;88;77;48;1007;1004;1002;31;12;10;40;19;58;2.03;4;"Rain";246
2015-07-09;17;13;11;11;8;4;94;70;37;1019;1013;1007;31;14;8;47;24;74;3.05;4;"Rain";277
2015-07-10;18;14;11;9;7;5;88;61;39;1022;1020;1019;31;12;10;40;23;53;0;3;"Rain";291
2015-07-11;24;16;8;13;11;7;100;67;36;1021;1017;1015;31;20;10;13;5;NA;0;6;"Fog";99
2015-07-12;19;17;14;16;14;12;100;84;69;1015;1014;1013;31;13;5;19;10;NA;4.06;7;"Rain";251
2015-07-13;20;18;15;16;14;12;100;86;52;1015;1013;1012;31;12;3;21;10;NA;1.02;7;"Rain";271
2015-07-14;20;17;14;16;14;10;100;84;52;1016;1013;1011;26;9;3;21;6;NA;3.05;7;"Rain";287
2015-07-15;22;17;12;14;11;7;95;68;30;1020;1018;1016;31;14;10;18;10;NA;0;4;"Rain";302
2015-07-16;22;18;14;14;13;12;89;73;45;1020;1018;1017;31;12;10;14;8;NA;0;5;"Rain";29
2015-07-17;30;21;11;19;14;10;94;70;36;1018;1014;1010;26;12;10;27;11;NA;0;4;"Rain";68
2015-07-18;23;18;13;18;14;10;100;73;33;1017;1014;1012;31;13;6;29;11;47;0;5;"Fog-Rain-Thunderstorm";270
2015-07-19;16;13;10;14;12;10;100;88;66;1017;1011;1008;31;11;5;14;6;NA;4.06;6;"Fog-Rain-Thunderstorm";123
2015-07-20;22;17;11;12;11;9;94;70;38;1014;1012;1009;19;10;10;21;13;NA;0;3;"Rain-Thunderstorm";253
2015-07-21;24;19;15;19;16;12;94;72;42;1014;1011;1009;31;11;5;32;18;45;1.02;4;"Rain";258
2015-07-22;26;20;14;17;14;11;94;68;33;1014;1012;1011;31;14;10;26;8;NA;0;3;"";242
2015-07-23;19;16;12;15;12;8;94;72;41;1017;1015;1013;31;12;10;27;10;NA;0;5;"Rain";283
2015-07-24;24;17;9;13;10;8;100;64;27;1017;1014;1007;10;10;10;23;8;35;0;6;"Fog-Rain";97
2015-07-25;26;20;14;18;14;10;95;75;43;1007;999;996;31;11;4;42;23;74;3.05;6;"Rain-Thunderstorm";186
2015-07-26;19;16;12;14;11;8;94;74;37;1011;1008;1001;31;11;5;50;26;72;1.02;5;"Rain";253
2015-07-27;20;17;13;17;13;10;100;83;63;1006;1000;997;31;11;5;29;18;39;6.1;6;"Rain";190
2015-07-28;18;16;13;15;13;11;94;89;67;1003;1000;997;31;12;5;34;24;48;11.94;6;"Rain";234
2015-07-29;18;14;12;12;11;7;100;77;48;1003;1002;1001;31;12;10;40;24;60;2.03;5;"Rain";235
2015-07-30;17;14;12;12;11;9;94;81;56;1014;1008;1003;31;13;6;32;26;52;1.02;6;"Rain";262
2015-07-31;17;13;8;10;8;4;100;70;35;1019;1017;1014;31;10;10;29;14;50;0;4;"Rain";277
2015-08-01;22;14;6;11;8;6;100;66;26;1020;1017;1016;31;13;10;19;6;NA;0;6;"Fog";102
2015-08-02;23;16;9;13;10;7;100;67;27;1021;1019;1017;31;17;10;18;6;NA;0;NA;"Fog";322
2015-08-03;30;21;11;14;12;9;88;54;22;1021;1017;1014;NA;NA;NA;26;11;40;0;NA;"";118
2015-08-04;31;23;16;20;16;13;100;66;30;1015;1012;1009;31;16;5;26;13;NA;17.02;7;"Rain-Thunderstorm";167
2015-08-05;23;18;13;16;13;10;100;71;34;1019;1017;1016;31;14;10;19;11;NA;0;3;"Fog-Rain";247
2015-08-06;31;22;13;18;13;11;88;56;26;1018;1015;1013;NA;NA;NA;19;11;NA;0;NA;"";124
2015-08-07;24;19;15;19;17;14;100;82;56;1019;1017;1014;31;14;8;23;8;NA;5.08;4;"Fog-Rain-Thunderstorm";308
2015-08-08;22;19;15;18;16;13;100;84;59;1023;1020;1017;31;10;3;24;10;NA;1.02;5;"Fog-Rain-Thunderstorm";321
2015-08-09;24;17;10;16;12;8;100;69;34;1024;1022;1020;31;12;10;21;8;32;0;1;"Fog";56
2015-08-10;26;21;15;15;12;9;77;55;32;1020;1017;1015;31;18;10;16;10;NA;2.03;5;"Rain";76
2015-08-11;25;21;16;19;17;14;100;82;55;1021;1018;1014;31;13;8;21;11;NA;0;6;"Fog-Rain-Thunderstorm";319
2015-08-12;23;19;15;17;16;13;97;80;51;1024;1023;1020;31;11;6;14;8;NA;0;7;"Rain";6
2015-08-13;24;18;12;16;13;12;100;70;36;1024;1021;1015;31;26;10;26;11;NA;0;NA;"Fog";64
2015-08-14;29;23;17;22;17;13;88;66;37;1015;1010;1006;31;18;10;26;14;40;1.02;4;"Rain-Thunderstorm";96
2015-08-15;24;21;17;21;19;16;100;86;58;1010;1007;1005;31;14;8;14;6;NA;0.51;6;"Fog-Rain-Thunderstorm";312
2015-08-16;25;20;15;20;18;16;100;86;59;1012;1011;1010;23;9;0;18;10;NA;4.06;6;"Fog";348
2015-08-17;23;20;17;20;18;15;100;89;67;1012;1010;1009;26;10;4;21;11;NA;5.08;6;"Rain-Thunderstorm";58
2015-08-18;17;16;15;16;16;14;100;93;72;1017;1013;1009;26;9;3;19;11;NA;9.91;7;"Rain";160
2015-08-19;16;15;14;15;14;13;100;96;88;1022;1020;1017;18;6;2;13;8;NA;2.03;7;"Fog-Rain";285
2015-08-20;23;17;11;17;14;12;100;85;53;1025;1024;1022;31;9;0;14;5;NA;0;3;"Fog";96
2015-08-21;25;18;10;15;11;7;100;66;22;1026;1025;1024;31;17;10;18;8;NA;0;1;"Fog";115
2015-08-22;26;18;11;13;10;5;100;60;18;1025;1022;1019;31;16;10;23;8;NA;0;NA;"Fog";78
2015-08-23;23;17;11;13;11;8;88;60;29;1020;1015;1009;31;20;10;29;14;NA;0;1;"";88
2015-08-24;24;19;14;16;13;11;78;64;46;1010;1005;1002;31;16;10;29;18;47;0;5;"Rain";124
2015-08-25;21;18;15;15;13;11;94;70;50;1014;1008;1004;31;16;9;35;23;53;1.02;5;"Rain";205
2015-08-26;25;19;14;16;14;9;94;66;44;1014;1012;1009;10;10;8;32;19;NA;0;6;"Rain";187
2015-08-27;20;17;13;17;14;12;94;77;50;1011;1009;1006;31;13;10;27;18;NA;4.06;7;"Rain";209
2015-08-28;20;17;13;14;13;12;100;83;55;1020;1015;1010;31;12;6;23;13;NA;0;5;"Fog-Rain";235
2015-08-29;23;16;9;14;12;9;100;75;35;1024;1022;1021;31;13;0;14;5;NA;0;3;"Fog";181
2015-08-30;23;17;12;19;15;12;94;87;71;1022;1019;1016;26;12;6;14;6;NA;4.06;4;"Fog-Rain-Thunderstorm";62
2015-08-31;28;22;16;20;17;16;100;78;44;1016;1011;1005;31;7;3;21;8;NA;0;6;"Fog-Rain";72
2015-09-01;20;17;14;19;15;11;94;83;66;1012;1008;1005;31;13;6;27;13;NA;0.25;6;"Rain";259
2015-09-02;19;15;11;12;10;8;94;72;40;1014;1013;1012;10;10;10;29;18;48;0;3;"Rain";240
2015-09-03;18;13;9;10;8;7;94;70;37;1014;1013;1012;31;12;10;19;10;NA;0;3;"Rain";221
2015-09-04;17;13;9;11;9;8;94;75;52;1013;1010;1006;31;17;10;37;16;50;0;6;"Rain";211
2015-09-05;16;13;11;13;11;8;100;86;53;1009;1007;1005;31;13;6;39;23;69;8.89;4;"Rain";258
2015-09-06;18;14;11;12;10;8;94;77;46;1019;1013;1008;31;13;10;39;23;58;0.76;3;"Rain";290
2015-09-07;18;14;11;11;9;4;95;70;30;1025;1021;1018;31;15;10;26;11;35;0;4;"Fog-Rain";307
2015-09-08;19;13;7;13;10;7;100;80;47;1025;1024;1023;31;13;2;19;6;NA;0;2;"Fog";329
2015-09-09;18;12;5;12;8;5;100;71;36;1027;1026;1025;31;12;10;16;6;NA;0;2;"Fog";47
2015-09-10;19;12;6;12;9;6;100;76;40;1028;1026;1024;31;10;10;24;10;NA;0;2;"Fog-Rain";69
2015-09-11;16;13;11;12;11;9;94;84;67;1025;1022;1019;31;15;9;26;11;NA;0;4;"Rain";74
2015-09-12;20;16;11;14;12;11;100;83;53;1020;1016;1013;31;9;4;21;11;NA;0.51;6;"Rain";105
2015-09-13;20;18;15;17;16;13;100;87;66;1013;1011;1006;19;8;3;18;13;NA;1.02;7;"Rain";133
2015-09-14;18;17;15;16;15;13;95;91;82;1006;1002;1000;31;12;6;21;13;35;8.89;6;"Rain";149
2015-09-15;15;13;11;13;10;8;88;76;57;1005;1003;1001;31;14;10;32;19;50;6.1;4;"Rain-Thunderstorm";191
2015-09-16;17;14;11;16;12;9;94;83;66;1004;999;993;31;11;7;26;18;45;1.02;6;"Rain";141
2015-09-17;19;16;13;15;13;12;94;77;59;1004;996;992;31;11;5;40;24;60;0;6;"Rain";200
